ticker,hold_reason,ph_rank_bin_756,mid_trend_state,count,start_date,end_date,avg_stock_weight,avg_base_signal_stock_weight,avg_signal_stock_weight,avg_ph_raw,avg_ph_ewma,avg_ph_rank_504,avg_ph_rank_756,avg_ph_z_756,avg_up_strength_score,avg_down_strength_score,offensive_activation_rate,tier3_rate,ph_context_available_rate_756,strategy_ann_return,strategy_mdd,strategy_gross_ann_return,bh_ann_return,bh_mdd,bh_gap_ann_return
AAPL,emergency,70_85,BEAR,1,2021-03-05 00:00:00,2021-03-05 00:00:00,0.8,0.42,0.8,0.7953714162111283,0.8013055336835821,0.7718253968253969,0.8359788359788359,1.1253003454603934,0.4424295405601264,0.2541357784923833,1.0,0.0,1.0,3068.913796385169,0.0,3694.42318723167,22947.79358093195,0.0,-19878.87978454678
AAPL,emergency,85_95,BULL,2,2021-01-08 00:00:00,2021-02-26 00:00:00,0.42,0.42,0.42,0.8368054687976838,0.7873050685539551,0.8551587301587301,0.9034391534391535,1.3755086810173203,0.09973820635940414,0.3488112824583788,0.0,0.0,1.0,-0.6861599045511215,-0.008290317559927374,-0.6698618578022739,-0.9413682634183846,-0.02089359736741425,0.2552083588672631
AAPL,emergency,95_100,BEAR,1,2018-12-14 00:00:00,2018-12-14 00:00:00,0.8,0.42,0.8,0.8165866583585739,0.7974073369265908,1.0,0.9828042328042328,1.9648766644822715,0.4133449734504037,0.0761106760128633,1.0,0.0,1.0,11.135987541245306,0.0,13.668996323946196,24.870068876149773,0.0,-13.734081334904467
AAPL,emergency,95_100,BULL,3,2020-02-27 00:00:00,2020-09-15 00:00:00,0.38000000000000006,0.37999999999999995,0.38000000000000006,0.9080710262060165,0.8280430360853912,0.9986772486772487,0.9991181657848324,2.454258782825137,0.04671744275728987,0.6774979448199288,0.0,0.0,1.0,4.164489367926507,-0.018260400723822623,4.448074985223111,27.155733418144198,-0.04808819892402394,-22.99124405021769
AAPL,emergency,raw_fallback,BEAR,1,2013-02-01 00:00:00,2013-02-01 00:00:00,0.8,0.42,0.8,0.7754803866147995,0.8146880683687252,,,,0.4272135733066559,0.1283490930798977,1.0,0.0,0.0,794.9618964694376,0.0,958.0973283969021,5945.511199714238,0.0,-5150.5493032448
AAPL,initial,raw_fallback,BEAR,1,2013-01-02 00:00:00,2013-01-02 00:00:00,0.8,0.42,0.8,0.7734443366527557,0.7734443366527557,,,,0.7935364302485683,0.0671389325428402,1.0,0.0,0.0,-0.9965155240508425,0.0,-0.9965155240508425,-0.999190523252021,0.0,0.0026749992011784185
AAPL,no_trade_band,00_30,BULL,100,2015-04-23 00:00:00,2025-12-10 00:00:00,0.7955999999999998,0.8019999999999997,0.8027999999999997,0.29269070079922677,0.30438899545520437,0.15394841269841267,0.15056013679184413,-1.132780881993675,0.11260228166533352,0.34430392610140564,0.08,0.0,1.0,0.24481833452337765,-0.09783853283016586,0.24481833452337765,0.31752927192917624,-0.11995954044497437,-0.07271093740579859
AAPL,no_trade_band,00_30,NEUTRAL,2,2021-06-04 00:00:00,2024-01-04 00:00:00,0.82,0.78,0.81,0.31885275021195403,0.35236855391234323,0.1617063492063492,0.205026455026455,-0.9670017016985994,0.3750077122466965,0.29806640308126464,1.0,0.0,1.0,24.850373006078094,0.0,24.850373006078094,45.88321771663152,0.0,-21.032844710553427
AAPL,no_trade_band,30_50,BULL,50,2015-04-30 00:00:00,2026-05-06 00:00:00,0.7544,0.7452000000000001,0.7528,0.410315239906311,0.4030610092728737,0.3831349206349206,0.39378306878306873,-0.40840921341131675,0.11830006546407686,0.4301396356977994,0.06,0.0,1.0,0.09473162443921512,-0.06340904259612035,0.09473162443921512,0.10745099456625162,-0.08612189035386209,-0.0127193701270365
AAPL,no_trade_band,50_70,BEAR,5,2021-03-31 00:00:00,2023-01-12 00:00:00,0.8,0.52,0.8,0.639999667108059,0.7118014332333903,0.6182539682539683,0.5904761904761905,0.3450923017722209,0.7461031192045446,0.09136422826211578,1.0,0.0,1.0,-0.8187383833035561,-0.05708555507657709,-0.8187383833035561,-0.8919731388023218,-0.07334693995594455,0.07323475549876568
AAPL,no_trade_band,50_70,BULL,38,2015-02-18 00:00:00,2026-04-29 00:00:00,0.6736842105263157,0.6736842105263157,0.6736842105263157,0.507511126681378,0.493742115210122,0.6050020885547202,0.6032826562156656,0.19467528337839965,0.09692074411078616,0.44273702200020987,0.0,0.0,1.0,0.4523079961381933,-0.04930871799578562,0.4523079961381933,0.3707147399388835,-0.08180087978548345,0.0815932561993098
AAPL,no_trade_band,50_70,NEUTRAL,2,2025-01-17 00:00:00,2026-02-09 00:00:00,0.82,0.82,0.82,0.3909224011003971,0.3181666466374406,0.5803571428571428,0.5383597883597884,-0.13796949516257356,0.2824853609669378,0.3938286386249168,0.5,0.0,1.0,2.192144865274431,0.0,2.192144865274431,3.5122914125169924,0.0,-1.3201465472425613
AAPL,no_trade_band,70_85,BEAR,24,2015-10-06 00:00:00,2025-06-20 00:00:00,0.7658333333333335,0.48666666666666664,0.7658333333333335,0.7398948896676303,0.739372396138831,0.8078703703703706,0.7879320353241216,0.9925493794342591,0.6211259492481286,0.12397087745265585,0.8333333333333334,0.0,1.0,-0.7285188454334517,-0.15393369598583995,-0.7285188454334517,-0.7999820345114427,-0.1882160513204818,0.07146318907799099
AAPL,no_trade_band,70_85,BULL,26,2015-01-05 00:00:00,2026-01-09 00:00:00,0.5853846153846154,0.5853846153846154,0.5853846153846154,0.6398515748289916,0.6126324749217089,0.7832722832722833,0.7762131451428339,0.7929754570745838,0.10575482852160092,0.4960114547131341,0.0,0.0,1.0,0.1550631142729446,-0.030039595523312923,0.1550631142729446,0.26657209714907215,-0.055424646213249606,-0.11150898287612754
AAPL,no_trade_band,70_85,NEUTRAL,3,2015-12-09 00:00:00,2026-02-24 00:00:00,0.6466666666666666,0.6466666666666666,0.6466666666666666,0.5409023746848106,0.5370895583465266,0.8134920634920636,0.742761809428476,0.5580827650986816,0.19823255555001143,0.5532984435071063,0.0,0.0,1.0,-0.7296080737424147,-0.0021487365517343093,-0.7296080737424147,-0.9329621417860116,-0.0060786142151366684,0.2033540680435969
AAPL,no_trade_band,85_95,BEAR,37,2015-08-10 00:00:00,2026-03-10 00:00:00,0.6972972972972974,0.44378378378378375,0.6972972972972974,0.7842384629152918,0.7751518851261864,0.9186507936507937,0.8938976359546869,1.4950929538137288,0.565101282083984,0.14914830117254227,0.7027027027027027,0.0,1.0,3.371242759927438,-0.04885384824057537,3.371242759927438,9.424514940192758,-0.06291937555472504,-6.05327218026532
AAPL,no_trade_band,85_95,BULL,14,2015-11-17 00:00:00,2021-02-03 00:00:00,0.4828571428571428,0.4828571428571428,0.4828571428571428,0.7733960711530277,0.7321264952469579,0.8681972789115645,0.9009307477780384,1.50060265705605,0.23304635419127656,0.4199866222627178,0.0,0.0,1.0,-0.18567494678421992,-0.05346821760739995,-0.18567494678421992,-0.1383752016749631,-0.09202938384700932,-0.04729974510925683
AAPL,no_trade_band,85_95,NEUTRAL,6,2016-04-27 00:00:00,2026-03-03 00:00:00,0.43666666666666676,0.4366666666666667,0.43666666666666676,0.7980581181744736,0.7761613824026341,0.9050925925925926,0.9175485008818343,1.6265955893075013,0.463839569176905,0.32114175264196,0.0,0.0,1.0,-0.43403377291932266,-0.008365565522530316,-0.43403377291932266,-0.7497883292547866,-0.021197913231476795,0.3157545563354639
AAPL,no_trade_band,95_100,BEAR,29,2015-09-29 00:00:00,2025-05-21 00:00:00,0.5731034482758621,0.4193103448275862,0.5731034482758621,0.8259349871298362,0.8076875859117002,0.9896004378763,0.981774103168406,1.9275338316824087,0.40298688185588594,0.1829434457770173,0.41379310344827586,0.0,1.0,-0.7801993636625711,-0.15763879963666283,-0.7801993636625711,-0.8510856623225613,-0.21993676533823614,0.07088629865999019
AAPL,no_trade_band,95_100,BULL,17,2016-11-14 00:00:00,2020-10-28 00:00:00,0.3447058823529412,0.3447058823529412,0.3447058823529412,0.900570628397605,0.8786491582908282,0.9690709617180204,0.979380641145347,2.139635287373525,0.1240805749105692,0.6717793963192564,0.0,0.0,1.0,-0.34399741458123456,-0.04370109902242325,-0.34399741458123456,-0.7726864197837602,-0.11879965505566592,0.4286890052025256
AAPL,no_trade_band,95_100,NEUTRAL,1,2020-11-04 00:00:00,2020-11-04 00:00:00,0.3000000000000001,0.3,0.3000000000000001,0.9260237455368044,0.9213879898838884,0.9761904761904762,0.9841269841269841,2.0305856718746242,0.4810403729685635,0.4287868093699447,0.0,0.0,1.0,-0.3824406989045954,0.0,-0.3824406989045954,-0.24908720233575965,0.0,-0.13335349656883577
AAPL,no_trade_band,raw_fallback,BEAR,20,2013-01-09 00:00:00,2013-05-20 00:00:00,0.7430000000000001,0.44000000000000006,0.7430000000000001,0.7823819907009602,0.7745862642194192,,,,0.6166587656857414,0.12325057861628257,0.85,0.0,0.0,0.6676621617177343,-0.026712751574368254,0.6676621617177343,0.41405220506828067,-0.04705736579783559,0.2536099566494536
AAPL,no_trade_band,raw_fallback,BULL,39,2013-05-28 00:00:00,2014-12-26 00:00:00,0.7425641025641027,0.7282051282051284,0.7425641025641027,0.40587037215248134,0.4152166400466203,,,,0.09609734932018625,0.3876282731203731,0.05128205128205128,0.0,0.0,-0.1084545578236058,-0.09036756107955923,-0.1084545578236058,-0.06698658983051708,-0.1145739791530036,-0.04146796799308872
AAPL,no_trade_band,raw_fallback,NEUTRAL,1,2014-01-29 00:00:00,2014-01-29 00:00:00,0.82,0.74,0.8,0.536292839050293,0.3845699530033133,,,,0.4010711327301907,0.2977237544180984,1.0,0.0,0.0,0.5697858977265602,0.0,0.5697858977265602,0.5115925396753103,0.0,0.05819335805124992
AAPL,no_trade_override_prob_high_vol_cross_0.70,70_85,BEAR,3,2022-05-02 00:00:00,2022-11-25 00:00:00,0.8000000000000002,0.52,0.8000000000000002,0.7800894170999527,0.7111717036153902,0.8154761904761904,0.8033509700176366,1.0811678885015363,0.6544424251833413,0.118371612372846,1.0,0.0,1.0,18.666929032643445,-0.017444241125552762,19.723821234795608,39.67654125461125,-0.021148146777271504,-21.009612221967807
AAPL,no_trade_override_prob_high_vol_cross_0.70,70_85,BULL,1,2020-12-18 00:00:00,2020-12-18 00:00:00,0.52,0.52,0.52,0.7131012439727784,0.7013157498800198,0.7162698412698413,0.7619047619047619,0.81803944698468,0.084109775183679,0.2652263740279232,0.0,0.0,1.0,45.16058492447315,0.0,45.16058492447315,1178.5232512988825,0.0,-1133.3626663744094
AAPL,no_trade_override_prob_high_vol_cross_0.70,85_95,BEAR,4,2015-08-06 00:00:00,2022-11-03 00:00:00,0.8,0.52,0.8,0.7795534424483777,0.709432183597874,0.9717261904761905,0.9214725280958054,1.5798814738096838,0.6556161182474001,0.08386202988411094,1.0,0.0,1.0,1.698151731884837,-0.02024206918384719,1.8642766121743617,2.7677053714009743,-0.025398753767718163,-1.0695536395161374
AAPL,no_trade_override_prob_high_vol_cross_0.70,85_95,BULL,3,2018-04-04 00:00:00,2021-01-29 00:00:00,0.52,0.52,0.52,0.7914473523696265,0.711932776263299,0.873015873015873,0.8835978835978836,1.3665768553324311,0.12425538844238533,0.2875800623416361,0.0,0.0,1.0,0.7986680916863689,0.0,0.7986680916863689,2.23031070673423,0.0,-1.4316426150478612
AAPL,no_trade_override_prob_high_vol_cross_0.70,85_95,NEUTRAL,1,2018-04-06 00:00:00,2018-04-06 00:00:00,0.52,0.52,0.52,0.7482907921075821,0.711829442797876,0.9523809523809523,0.8928571428571429,1.519665896237005,0.2628333222169575,0.2906150412098585,0.0,0.0,1.0,9.105783609437374,0.0,9.105783609437374,108.72308519197769,0.0,-99.6173015825403
AAPL,no_trade_override_prob_high_vol_cross_0.70,95_100,BEAR,3,2015-12-17 00:00:00,2025-04-04 00:00:00,0.7066666666666667,0.52,0.7066666666666667,0.8051196614901226,0.7129406036101305,0.9861111111111112,0.9706866958877683,1.8568493730194213,0.38482098942754267,0.3290298524294008,0.6666666666666666,0.0,1.0,-0.8375551608674019,-0.04081325127813329,-0.83070212323628,-0.8502424556627044,-0.04981817733023208,0.012687294795302506
AAPL,no_trade_override_prob_high_vol_cross_0.70,95_100,BULL,3,2020-02-25 00:00:00,2020-09-04 00:00:00,0.52,0.52,0.52,0.8823311318953833,0.7365337153988599,0.9966931216931217,0.9977954144620811,2.3783670733893545,0.055714999735981964,0.5709972732196203,0.0,0.0,1.0,-0.8274251937389665,-0.007943314962450931,-0.8202729603247666,-0.9772828019231049,-0.016427545364453122,0.1498576081841384
AAPL,no_trade_override_prob_high_vol_cross_0.70,95_100,NEUTRAL,1,2019-05-31 00:00:00,2019-05-31 00:00:00,0.52,0.52,0.52,0.7897890150547028,0.708127741424941,0.9781746031746031,0.9841269841269841,2.153583705689946,0.143917996279821,0.5214084007160718,0.0,0.0,1.0,83.4117437338399,0.0,86.82269203286668,8555.69329523551,0.0,-8472.28155150167
AAPL,no_trade_override_prob_high_vol_cross_0.70,raw_fallback,BEAR,2,2013-03-05 00:00:00,2013-04-23 00:00:00,0.8,0.52,0.8,0.7734445393085481,0.7108069912001451,,,,0.6074593321763286,0.09716269787338205,1.0,0.0,0.0,4.8308228940565865,0.0,5.068638385658679,9.508221093559126,0.0,-4.677398199502539
AAPL,not_rebalance_day,00_30,BEAR,4,2018-02-02 00:00:00,2021-10-04 00:00:00,0.9249999999999999,0.7599999999999999,0.805,0.3041124159470201,0.36852602621837405,0.1483134920634921,0.1478174603174603,-1.1185970280308424,0.4111261108096643,0.30537221865196496,1.0,0.0,1.0,-0.18118619906770095,-0.04647543456268599,-0.18118619906770095,-0.1355765718684624,-0.04833458389521861,-0.045609627199238556
AAPL,not_rebalance_day,00_30,BULL,543,2015-03-02 00:00:00,2026-02-06 00:00:00,0.7991160220994477,0.8045303867403315,0.8060405156537754,0.289151993861789,0.3058055584923123,0.15247084100675262,0.14529587189843496,-1.1448220613890323,0.12484597338504026,0.35524335107942395,0.11233885819521179,0.0,1.0,0.2459907797209835,-0.09500001640277311,0.2459907797209835,0.3138712247508215,-0.11588100871637019,-0.06788044502983803
AAPL,not_rebalance_day,00_30,NEUTRAL,7,2019-06-17 00:00:00,2026-02-03 00:00:00,0.7885714285714285,0.7714285714285715,0.8428571428571429,0.2986255510577133,0.3619125621219056,0.16780045351473924,0.18915343915343913,-0.9935375128085461,0.38056296287127056,0.32078807343264126,0.8571428571428571,0.0,1.0,3.2211309693345056,-0.0018980080286774559,3.2211309693345056,4.822683845325863,-0.002263332442669852,-1.6015528759913575
AAPL,not_rebalance_day,30_50,BEAR,6,2016-05-26 00:00:00,2026-01-23 00:00:00,0.7599999999999999,0.68,0.7999999999999999,0.406697171802322,0.4985449548044358,0.3816137566137567,0.4210758377425044,-0.31431220324878995,0.4274338848751347,0.23701217410267797,1.0,0.0,1.0,2.285732476987762,-0.011932762876616376,2.285732476987762,1.8393115620872145,-0.02257220434285545,0.4464209149005476
AAPL,not_rebalance_day,30_50,BULL,269,2015-02-02 00:00:00,2026-05-07 00:00:00,0.7443122676579926,0.7333828996282529,0.7414869888475837,0.417963396178967,0.4212212201124132,0.38902903168702424,0.40267058817874135,-0.3817384182508949,0.1303225799826691,0.4270421116722239,0.08921933085501858,0.0,1.0,-0.10426715820521804,-0.20193662380071087,-0.10426715820521804,-0.1311727747021787,-0.24949780378276631,0.02690561649696066
AAPL,not_rebalance_day,30_50,NEUTRAL,9,2016-11-30 00:00:00,2021-06-03 00:00:00,0.7955555555555556,0.6777777777777777,0.8177777777777777,0.46960911585225,0.4983878257195664,0.3661816578483245,0.4081422692533804,-0.2873847094425477,0.2763565512609268,0.3838804141709907,1.0,0.0,1.0,0.08273328663533075,-0.022239784242528038,0.08273328663533075,0.059277403807268314,-0.02674190198235049,0.023455882828062435
AAPL,not_rebalance_day,50_70,BEAR,39,2016-02-17 00:00:00,2026-01-21 00:00:00,0.7035897435897436,0.5605128205128205,0.7482051282051283,0.6116306902888494,0.6539727272480202,0.6575091575091576,0.6414665581332248,0.417038553218819,0.5728539202148194,0.1301955988035881,0.7435897435897436,0.0,1.0,1.3821006110547525,-0.06320905926903608,1.3821006110547525,2.4923688037690646,-0.07968496626508637,-1.110268192714312
AAPL,not_rebalance_day,50_70,BULL,266,2015-01-13 00:00:00,2026-04-30 00:00:00,0.696390977443609,0.6790977443609022,0.6896992481203008,0.5079598746437551,0.49398004651650973,0.5946040696980546,0.5938610398952763,0.16388133409324,0.1390093312181659,0.4215835577775708,0.06766917293233082,0.0,1.0,0.2532176839366871,-0.1585588514740245,0.2532176839366871,0.3136798093424409,-0.2491398400714322,-0.0604621254057538
AAPL,not_rebalance_day,50_70,NEUTRAL,28,2015-01-21 00:00:00,2026-04-21 00:00:00,0.7921428571428571,0.652142857142857,0.7342857142857141,0.543111820572189,0.5101155650877408,0.6541950113378684,0.6176690426993705,0.2451968657721993,0.31813397713990355,0.31562983697496005,0.42857142857142855,0.0,1.0,0.9005588871352554,-0.07460953696194039,0.9005588871352554,0.740668173414694,-0.0959868130770869,0.1598907137205614
AAPL,not_rebalance_day,70_85,BEAR,80,2015-09-24 00:00:00,2026-02-23 00:00:00,0.7367499999999999,0.49375,0.7507499999999999,0.7137359156832099,0.726465899480726,0.8093501984126984,0.7878081546955117,0.9762120493219228,0.6133468305066595,0.1298401653608951,0.8125,0.0,1.0,0.130001049340279,-0.12196844307095922,0.130001049340279,0.20166094465001705,-0.1592856762279674,-0.07165989530973804
AAPL,not_rebalance_day,70_85,BULL,156,2015-01-02 00:00:00,2026-04-27 00:00:00,0.6205128205128206,0.5993589743589743,0.6102564102564103,0.6187853661580727,0.5956508940999897,0.7810083435083436,0.7611772956000085,0.7375062281682013,0.13690693737270337,0.44058731942666984,0.05128205128205128,0.0,1.0,-0.10370329555338109,-0.12253337850232549,-0.10370329555338109,-0.14761832415700904,-0.17979503011032927,0.04391502860362795
AAPL,not_rebalance_day,70_85,NEUTRAL,7,2017-06-29 00:00:00,2025-02-11 00:00:00,0.6457142857142858,0.6285714285714287,0.6714285714285715,0.6104224075164113,0.5621803463513458,0.8633786848072561,0.7826908541194255,0.7830683469767813,0.24809329727520768,0.39957521945057817,0.14285714285714285,0.0,1.0,9.046363750328654,-0.004018631727390365,9.046363750328654,16.709772305849373,-0.009718496367686402,-7.66340855552072
AAPL,not_rebalance_day,85_95,BEAR,121,2015-08-07 00:00:00,2026-03-18 00:00:00,0.6504132231404959,0.47520661157024785,0.6535537190082644,0.752220500069709,0.7399268279591577,0.9238488783943328,0.8961378596755277,1.5133793459634814,0.47316675486770865,0.1841557564391988,0.5289256198347108,0.0,1.0,-0.2127693885513391,-0.1363902207153782,-0.2127693885513391,-0.48174586504560435,-0.3020692675633214,0.26897647649426526
AAPL,not_rebalance_day,85_95,BULL,56,2015-01-06 00:00:00,2024-08-07 00:00:00,0.5392857142857144,0.525,0.5335714285714286,0.7419083089966859,0.6860498915667181,0.861217403628118,0.8908513023270548,1.4171882521838062,0.14611876576249502,0.47302211155888124,0.03571428571428571,0.0,1.0,0.86555578771659,-0.045351264389117074,0.86555578771659,2.6135073046722477,-0.07462507137481988,-1.7479515169556576
AAPL,not_rebalance_day,85_95,NEUTRAL,11,2016-04-28 00:00:00,2026-03-02 00:00:00,0.4709090909090909,0.4636363636363636,0.4636363636363636,0.7860411400144751,0.7351139011013175,0.9067460317460317,0.9206349206349206,1.6994698472540442,0.35383177616208755,0.3721328588742896,0.0,0.0,1.0,0.8069734105424287,-0.013362728089839737,0.8069734105424287,2.464972860751764,-0.04079523961312714,-1.6579994502093354
AAPL,not_rebalance_day,95_100,BEAR,50,2015-08-21 00:00:00,2025-05-27 00:00:00,0.548,0.4252000000000001,0.5408,0.8233064951896668,0.8014004700912808,0.9869444444444444,0.9808985029417058,1.9326567256742506,0.3625497798460192,0.2247869170429298,0.32,0.0,1.0,1.4479606566305652,-0.05307045170378455,1.4479606566305652,2.3224274471077173,-0.12485918619024572,-0.8744667904771521
AAPL,not_rebalance_day,95_100,BULL,39,2019-05-29 00:00:00,2020-11-12 00:00:00,0.3805128205128207,0.36153846153846164,0.36153846153846164,0.8859528693633203,0.8571305700110986,0.9742063492063494,0.9826685660018992,2.173172411633977,0.13475924593106828,0.6119421862963342,0.0,0.0,1.0,0.056534379172614724,-0.04126307853309885,0.056534379172614724,0.18014703942405008,-0.09875459928265762,-0.12361266025143536
AAPL,not_rebalance_day,95_100,NEUTRAL,4,2016-05-03 00:00:00,2020-11-09 00:00:00,0.415,0.39,0.39,0.8322969548404218,0.8126780768383195,0.9662698412698413,0.9761904761904762,2.003690752312146,0.2562373507390272,0.4119096737347764,0.0,0.0,1.0,0.17889288258309222,-0.01830486515787144,0.17889288258309222,1.873631411923487,-0.03473074691258682,-1.6947385293403947
AAPL,not_rebalance_day,raw_fallback,BEAR,55,2013-01-03 00:00:00,2013-05-17 00:00:00,0.7614545454545452,0.46363636363636385,0.765454545454545,0.7515181235833601,0.7546666095980598,,,,0.6422022824626985,0.11176508375113066,0.9090909090909091,0.0,0.0,-0.47868695360211866,-0.1768488474717429,-0.47868695360211866,-0.5325885311900085,-0.20833656308236514,0.053901577587889826
AAPL,not_rebalance_day,raw_fallback,BULL,238,2013-05-23 00:00:00,2014-12-31 00:00:00,0.7408403361344538,0.7315126050420167,0.7405042016806722,0.4152917470313421,0.415048885977634,,,,0.08961469536670935,0.3936992320858089,0.03361344537815126,0.0,0.0,0.37918076978010284,-0.07353763419489578,0.37918076978010284,0.4591686297880153,-0.09208853873644796,-0.07998786000791247
AAPL,not_rebalance_day,raw_fallback,NEUTRAL,4,2013-05-21 00:00:00,2014-04-23 00:00:00,0.855,0.6,0.79,0.6161755733191967,0.5768511579775848,,,,0.5242264931201674,0.26414854634938223,0.5,0.0,0.0,1.2198989829756837,-0.0017030757324913992,1.2198989829756837,1.408320598891971,-0.0019371582206930693,-0.18842161591628726
AAPL,scheduled,00_30,BULL,39,2015-03-04 00:00:00,2026-02-02 00:00:00,0.8015384615384615,0.7984615384615384,0.8015384615384615,0.28526676816818036,0.3329562067548538,0.15811965811965814,0.1483919049146087,-1.152857151299349,0.14856455139569336,0.3967177614941187,0.1794871794871795,0.0,1.0,0.0812997538699125,-0.08011330535095473,0.1410255033042469,0.21846317064357557,-0.09159954572295503,-0.13716341677366306
AAPL,scheduled,30_50,BULL,20,2015-02-03 00:00:00,2025-11-18 00:00:00,0.736,0.7050000000000001,0.736,0.4405159178003669,0.46177083717741274,0.42271825396825397,0.42319708994709,-0.30783608819815234,0.21607772848312531,0.37740769892756953,0.25,0.0,1.0,-0.16100410827437717,-0.04176086080302166,-0.08629428087870905,-0.10722737476271083,-0.05710831171532693,-0.05377673351166634
AAPL,scheduled,30_50,NEUTRAL,1,2019-03-01 00:00:00,2019-03-01 00:00:00,0.82,0.74,0.82,0.4540992215275764,0.483747505567543,0.4642857142857143,0.4470899470899471,-0.1784141318245617,0.2908098402364415,0.4072439454012559,1.0,0.0,1.0,-0.3483257723470652,0.0,-0.3006055586131666,-0.368096674556879,0.0,0.019770902209813812
AAPL,scheduled,50_70,BEAR,5,2016-05-25 00:00:00,2022-09-26 00:00:00,0.708,0.592,0.708,0.5537050977349282,0.6210275922070523,0.6023809523809525,0.6132275132275132,0.2865713647912808,0.37158426505869147,0.1810411546899037,0.4,0.0,1.0,8.373369225592656,-0.007585068566582365,9.42056651007607,26.229303976115407,-0.012651325407673886,-17.85593475052275
AAPL,scheduled,50_70,BULL,27,2015-02-10 00:00:00,2026-04-22 00:00:00,0.6822222222222221,0.6718518518518517,0.6822222222222221,0.5112561699140955,0.49530832514678014,0.5791446208112875,0.5957628687887249,0.16579852620277472,0.1574685737044515,0.37484604757593515,0.07407407407407407,0.0,1.0,-0.6643471861022434,-0.13049361095697543,-0.644132025337333,-0.7746865721055557,-0.17469761844984966,0.11033938600331228
AAPL,scheduled,50_70,NEUTRAL,3,2021-05-13 00:00:00,2025-01-27 00:00:00,0.7200000000000001,0.6466666666666666,0.7200000000000001,0.5309980154037476,0.5076896529522168,0.6183862433862434,0.5705467372134039,0.08419781813626948,0.22283220723126593,0.3485433203713176,0.3333333333333333,0.0,1.0,-0.7509209761196095,-0.011373139081056749,-0.7316719669762042,-0.8792923932548674,-0.020267681158616324,0.1283714171352579
AAPL,scheduled,70_85,BEAR,5,2015-12-16 00:00:00,2026-01-16 00:00:00,0.744,0.5640000000000001,0.744,0.6529390314221383,0.6499263404704634,0.763888888888889,0.7553084052412912,0.7794703447271487,0.5048642707697388,0.17963031747080263,0.8,0.0,1.0,-0.09057929316390234,-0.003247562145848093,-0.004425863179403633,-0.28100560834143207,-0.007580114594003429,0.19042631517752973
AAPL,scheduled,70_85,BULL,13,2015-01-20 00:00:00,2025-10-21 00:00:00,0.629230769230769,0.5907692307692307,0.629230769230769,0.6357548508506555,0.6119456913456806,0.7707570207570207,0.7720900458764537,0.796403295026082,0.17566489211508898,0.3679736182388522,0.23076923076923078,0.0,1.0,1.377743248779486,-0.020248535019070535,1.5705142014944848,3.1595859495629153,-0.03366186239562097,-1.7818427007834292
AAPL,scheduled,70_85,NEUTRAL,1,2018-03-23 00:00:00,2018-03-23 00:00:00,0.6,0.6,0.6,0.6082975924015046,0.5225042302056498,0.9007936507936508,0.7685185185185185,0.6990039033649846,0.2146858488066843,0.4028019965226593,0.0,0.0,1.0,-0.9725205911504905,0.0,-0.9704819950800573,-0.9985640016243335,0.0,0.026043410473842954
AAPL,scheduled,85_95,BEAR,8,2015-08-31 00:00:00,2026-03-17 00:00:00,0.61,0.5025,0.61,0.7173029478639364,0.7002306261109489,0.9246031746031746,0.895805693753455,1.5329083461350268,0.40627677185413463,0.2244928429707055,0.375,0.0,1.0,-0.5626999633036012,-0.05143460435569891,-0.5233933514019053,-0.564796697677356,-0.08699781542418639,0.002096734373754794
AAPL,scheduled,85_95,BULL,4,2020-07-28 00:00:00,2024-08-09 00:00:00,0.445,0.445,0.445,0.7845988973975182,0.7603661719155186,0.871031746031746,0.8978174603174602,1.469184865577744,0.11442096084318129,0.4749977231057445,0.0,0.0,1.0,6.497508983082585,0.0,6.881946334461948,65.83238601001031,0.0,-59.33487702692773
AAPL,scheduled,85_95,NEUTRAL,2,2018-04-02 00:00:00,2018-04-23 00:00:00,0.66,0.52,0.66,0.7875740572810174,0.6851843115199492,0.9642857142857143,0.9378306878306879,1.7487206549157883,0.328487307906941,0.33458654057464815,0.5,0.0,1.0,3.769626598433333,0.0,4.116561820175949,17.809851118646336,0.0,-14.040224520213002
AAPL,scheduled,95_100,BEAR,2,2015-09-22 00:00:00,2016-01-08 00:00:00,0.61,0.42,0.61,0.8022217884659768,0.791782676396733,0.9940476190476191,0.9768721276020547,1.7143950726084283,0.40767615201410584,0.1712235958372615,0.5,0.0,1.0,3.2230943610611797,0.0,3.9820993794249855,11.9722511397741,0.0,-8.74915677871292
AAPL,scheduled,95_100,NEUTRAL,1,2019-06-04 00:00:00,2019-06-04 00:00:00,0.42,0.42,0.42,0.8137391567230225,0.7567544334057922,0.996031746031746,0.9973544973544973,2.289942804911193,0.1879248993495064,0.4767682912628532,0.0,0.0,1.0,3.4745167739429785,0.0,3.704382834530511,38.36613202235488,0.0,-34.8916152484119
AAPL,scheduled,raw_fallback,BEAR,2,2013-02-14 00:00:00,2013-04-22 00:00:00,0.8,0.47,0.8,0.7571919620037079,0.7368825333962763,,,,0.5376680659300053,0.1040947107365933,1.0,0.0,0.0,-0.30135267476837924,-0.0015798697844310317,-0.19939463069776786,-0.22479959159584273,-0.0016497614176909092,-0.0765530831725365
AAPL,scheduled,raw_fallback,BULL,21,2013-08-14 00:00:00,2014-12-11 00:00:00,0.7295238095238096,0.7295238095238096,0.7295238095238096,0.409174171125605,0.41958887953376883,,,,0.08878316064462546,0.3991124271435449,0.0,0.0,0.0,0.03669151334367626,-0.02783377520280239,0.10770237069191624,-0.09892162590644027,-0.04382541019471964,0.13561313925011653
AAPL,stale_offensive_decay,30_50,BULL,2,2021-07-30 00:00:00,2021-12-09 00:00:00,0.74,0.74,0.74,0.4379678510129452,0.36732242684380945,0.3630952380952381,0.38756613756613756,-0.47309239408774295,0.0553214149823859,0.25917982706866405,0.0,0.0,1.0,-0.5138993905644174,-0.014733202315604488,-0.4835047768986779,-0.6497463169642942,-0.020674430192671456,0.13584692639987683
AAPL,stale_offensive_decay,50_70,BULL,7,2015-02-23 00:00:00,2023-02-22 00:00:00,0.62,0.62,0.62,0.5522229575685093,0.49015528421610055,0.6026077097505669,0.6175394156010194,0.325888831621694,0.0996678457729527,0.5105148667729099,0.0,0.0,1.0,-0.21206995984484756,-0.012800173270132054,-0.1506798024017605,-0.2629404095345169,-0.01800500768846014,0.05087044968966936
AAPL,stale_offensive_decay,70_85,BULL,9,2016-08-23 00:00:00,2025-10-16 00:00:00,0.6,0.6,0.6,0.5980679353078207,0.5108681585165026,0.7641093474426808,0.7727807172251615,0.7201648373953176,0.06816740594609517,0.4516428794240117,0.0,0.0,1.0,2.172542380002243,-0.04719733135301818,2.418058323237905,5.05320247936888,-0.08008159704785833,-2.8806600993666374
AAPL,stale_offensive_decay,85_95,BEAR,4,2015-08-25 00:00:00,2022-06-16 00:00:00,0.44499999999999995,0.44499999999999995,0.44499999999999995,0.7938128322362901,0.7826306014107822,0.9588293650793651,0.9212694837694837,1.6367214314332137,0.46537663248529204,0.10576660332824503,0.0,0.0,1.0,0.5263174977870322,-0.015480442592631705,0.8245892061745739,4.830808794323831,-0.0327229982410393,-4.304491296536799
AAPL,stale_offensive_decay,85_95,BULL,1,2016-11-10 00:00:00,2016-11-10 00:00:00,0.6,0.6,0.6,0.7405173987150193,0.5520049289681399,0.8392857142857143,0.8928571428571429,1.4618254316278472,0.1174850689100411,0.6405484147940045,0.0,0.0,1.0,-0.9859215745466621,0.0,-0.9848742721559903,-0.9983420142078369,0.0,0.012420439661174787
AAPL,stale_offensive_decay,95_100,BEAR,1,2025-05-02 00:00:00,2025-05-02 00:00:00,0.42,0.42,0.42,0.8535841584205628,0.822674493695636,1.0,0.996031746031746,2.1557362761510364,0.5807698478244978,0.1198014842093407,0.0,0.0,1.0,-0.13188624571218122,0.0,0.05139954524542745,-0.38242595339124585,0.0,0.25053970767906464
AAPL,stale_offensive_decay,raw_fallback,BEAR,2,2013-01-29 00:00:00,2013-02-04 00:00:00,0.42,0.42,0.42,0.8165668144822121,0.8155765062908116,,,,0.4602223953218313,0.1260301530071496,0.0,0.0,0.0,-0.19268720520727145,-6.973384379449499e-05,-0.022184373273584912,-0.3965544945495302,-0.0010704853310541385,0.20386728934225873
AAPL,stale_offensive_decay,raw_fallback,BULL,1,2014-05-01 00:00:00,2014-05-01 00:00:00,0.6,0.6,0.6,0.5190839469432831,0.50185494582851,,,,0.1704579354452203,0.3993309401659908,0.0,0.0,0.0,6.547203080158798,0.0,7.094328701696952,33.42346054047881,0.0,-26.87625746032001
AAPL,strong_offensive_override,00_30,BEAR,55,2015-07-07 00:00:00,2024-05-09 00:00:00,0.9970909090909091,0.8101818181818181,0.9970909090909091,0.2803013999353755,0.3098398560810653,0.15624098124098124,0.15746408313761723,-1.088910789230477,0.7013866673823417,0.16408032534928943,1.0,1.0,1.0,0.526045847882888,-0.07884171951490015,0.5285537543152676,0.5222608002475932,-0.07884171951489982,0.003785047635294747
AAPL,strong_offensive_override,00_30,BULL,114,2015-05-20 00:00:00,2025-02-25 00:00:00,0.9968421052631579,0.7947368421052632,0.9968421052631579,0.2955226642128669,0.3283976144157248,0.13030840991367307,0.14793065109923542,-1.1595524900739251,0.6663007435301106,0.15595790060103507,1.0,1.0,1.0,0.29169540833605256,-0.09028959539681158,0.2966719021653921,0.29660668632436105,-0.09088406726677323,-0.004911277988308482
AAPL,strong_offensive_override,00_30,NEUTRAL,32,2015-06-29 00:00:00,2024-05-03 00:00:00,0.995,0.7949999999999999,0.995,0.29350328263826664,0.32560765510129824,0.15600198412698413,0.15937346527927915,-1.124640023390711,0.6522092505015769,0.18298345321567588,1.0,1.0,1.0,1.2609087086064554,-0.0260552997300757,1.2933666236650967,1.2879332198391822,-0.0260552997300757,-0.027024511232726756
AAPL,strong_offensive_override,30_50,BEAR,94,2015-07-08 00:00:00,2026-01-30 00:00:00,0.9927659574468083,0.7080851063829786,0.9927659574468083,0.4245272276328599,0.4464934047331716,0.4093422830124957,0.4101661439049307,-0.3916113961793202,0.7266890646932254,0.13430984886431052,1.0,1.0,1.0,0.9406133140843038,-0.15465994428631546,0.9535813827899209,0.9638760591334179,-0.15465994428631546,-0.023262745049114075
AAPL,strong_offensive_override,30_50,BULL,32,2015-05-18 00:00:00,2025-08-08 00:00:00,0.9824999999999999,0.7075,0.9824999999999999,0.4213367684744298,0.4501764802762322,0.41796875,0.38250017638167866,-0.4292455579854848,0.5727486564365262,0.21809476717774867,1.0,1.0,1.0,-0.005422800168839781,-0.04748945126100923,0.002433384509448855,-0.011833131304662903,-0.04883477750016474,0.006410331135823122
AAPL,strong_offensive_override,30_50,NEUTRAL,25,2015-07-13 00:00:00,2025-02-27 00:00:00,0.9919999999999999,0.688,0.9919999999999999,0.4322930265069008,0.4794716666654581,0.37515873015873014,0.40110436195475563,-0.3814135819246174,0.6581934163284489,0.19915418158173367,1.0,1.0,1.0,1.4731079835425618,-0.04176735304178192,1.4969431973546885,1.5297094361744175,-0.041689250446080295,-0.056601452631855675
AAPL,strong_offensive_override,50_70,BEAR,85,2015-07-22 00:00:00,2025-06-30 00:00:00,0.9887058823529409,0.6588235294117649,0.9887058823529409,0.5132661238575683,0.512476170084829,0.5969887955182074,0.5863215470164064,0.14686376318834077,0.7035150276558716,0.13288095752206885,1.0,1.0,1.0,0.5117611069967785,-0.07625382386515289,0.5218936639454654,0.5375480783332598,-0.07625382386515311,-0.025786971336481335
AAPL,strong_offensive_override,50_70,BULL,46,2015-01-22 00:00:00,2026-04-15 00:00:00,0.9843478260869564,0.6608695652173912,0.9843478260869564,0.5021245220757049,0.5098422333300977,0.6369478951000691,0.598449363383461,0.13549296173567024,0.6164489870773058,0.194026679532692,1.0,1.0,1.0,-0.3165049395739743,-0.17205274705034457,-0.31169417220963536,-0.32059410130980326,-0.17392221410728048,0.004089161735828961
AAPL,strong_offensive_override,50_70,NEUTRAL,32,2015-01-27 00:00:00,2026-04-16 00:00:00,0.99125,0.628125,0.99125,0.5193954570684582,0.5173954027636867,0.6094990079365079,0.6118574134199134,0.20756108540278437,0.6484903616844846,0.18179070566719543,1.0,1.0,1.0,3.026264816666008,-0.05570651915114411,3.0852828808997783,3.0640525783031016,-0.056948526994650694,-0.03778776163709363
AAPL,strong_offensive_override,70_85,BEAR,65,2015-07-27 00:00:00,2026-04-14 00:00:00,0.9723076923076923,0.600923076923077,0.9723076923076923,0.6171543125464366,0.5876600766415618,0.7889194139194138,0.7795400148680017,0.8025849108805705,0.6652462032011609,0.1527202572474003,1.0,1.0,1.0,-0.13609825578694912,-0.1346687206643553,-0.1328856978613846,-0.12119391016777281,-0.13774387914769926,-0.014904345619176307
AAPL,strong_offensive_override,70_85,BULL,12,2015-05-06 00:00:00,2025-07-17 00:00:00,0.9766666666666666,0.64,0.9766666666666666,0.6095141114046178,0.5633950417079027,0.8488756613756613,0.7558413866303009,0.7020448388754317,0.5616710177697127,0.16256269810068671,1.0,1.0,1.0,4.139210682785749,-0.01371281854623807,4.290901296447776,4.586798448932106,-0.013712818546238181,-0.44758776614635654
AAPL,strong_offensive_override,70_85,NEUTRAL,6,2015-05-12 00:00:00,2026-04-09 00:00:00,0.98,0.56,0.98,0.6035949317117532,0.5987185739513963,0.7592592592592592,0.7552077292099777,0.6854880027130376,0.6153321095805105,0.22830453066490122,1.0,1.0,1.0,0.3927344092649332,-0.018405684869770567,0.3927344092649332,0.3578892793389934,-0.01928162197030525,0.0348451299259398
AAPL,strong_offensive_override,85_95,BEAR,23,2015-08-03 00:00:00,2026-04-08 00:00:00,0.9652173913043479,0.5686956521739129,0.9652173913043479,0.6778786891828413,0.6258560758806281,0.9101966873706004,0.8834357533000611,1.3802099732322788,0.5949921378410487,0.1778744384931898,1.0,1.0,1.0,-0.5331355725724979,-0.157332772807543,-0.5270958964423941,-0.5539758618239682,-0.16400958231300589,0.0208402892514703
AAPL,strong_offensive_override,85_95,BULL,1,2018-11-01 00:00:00,2018-11-01 00:00:00,0.96,0.52,0.96,0.6802782177925111,0.6659591239920252,0.9424603174603174,0.876984126984127,1.2110910398901193,0.4760425282971526,0.2273543856350432,1.0,1.0,1.0,-0.9992113863668328,0.0,-0.999049616477264,-0.9992950819695228,0.0,8.369560268994825e-05
AAPL,strong_offensive_override,85_95,NEUTRAL,1,2018-11-02 00:00:00,2018-11-02 00:00:00,0.96,0.52,0.96,0.7153477340936661,0.6783062765174355,0.9623015873015873,0.8981481481481481,1.426865293899443,0.5461878748505401,0.1960004723411073,1.0,1.0,1.0,12.404622309688838,0.0,12.404622309688838,14.038248542137376,0.0,-1.6336262324485382
AAPL,strong_offensive_override,raw_fallback,BEAR,66,2013-02-27 00:00:00,2014-04-17 00:00:00,0.9830303030303029,0.6624242424242426,0.9830303030303029,0.5010931763233563,0.5179218731333086,,,,0.6841832531195022,0.1186695389433099,1.0,1.0,0.0,0.3821115479187849,-0.1560950354079187,0.3878257324959047,0.36605558271224825,-0.16183444462811802,0.016055965206536627
AAPL,strong_offensive_override,raw_fallback,BULL,25,2013-06-05 00:00:00,2014-04-21 00:00:00,0.992,0.688,0.992,0.49287593805789953,0.4840556705311558,,,,0.6249580490169754,0.1717837303404122,1.0,1.0,0.0,0.0984917797404774,-0.06494038495791377,0.10288990299575373,0.10769323389612695,-0.06494038495791388,-0.009201454155649547
AAPL,strong_offensive_override,raw_fallback,NEUTRAL,26,2013-06-11 00:00:00,2014-04-16 00:00:00,0.996923076923077,0.6961538461538459,0.996923076923077,0.47703462151380693,0.4608838085966607,,,,0.7039341959711987,0.16051613043187526,1.0,1.0,0.0,0.23987886627594013,-0.06137202106639361,0.23987886627594013,0.24457343787870545,-0.061372021066393945,-0.004694571602765318
