ticker,ph_rank_bin_756,mid_trend_state,count,start_date,end_date,avg_stock_weight,avg_base_signal_stock_weight,avg_signal_stock_weight,avg_ph_raw,avg_ph_ewma,avg_ph_rank_504,avg_ph_rank_756,avg_ph_z_756,avg_up_strength_score,avg_down_strength_score,offensive_activation_rate,tier3_rate,ph_context_available_rate_756,strategy_ann_return,strategy_mdd,strategy_gross_ann_return,bh_ann_return,bh_mdd,bh_gap_ann_return
AAPL,00_30,BEAR,59,2015-07-07 00:00:00,2024-05-09 00:00:00,0.9922033898305085,0.8067796610169492,0.9840677966101695,0.2819157061056565,0.3138185794802049,0.15570352434759216,0.1568100748108269,-1.090923415589824,0.6817079855808043,0.17365943675964035,1.0,0.9322033898305084,1.0,0.4629738707539899,-0.07884171951490015,0.4652149995442263,0.46496482555177376,-0.07884171951490004,-0.0019909547977838837
AAPL,00_30,BULL,796,2015-03-02 00:00:00,2026-02-06 00:00:00,0.8271105527638191,0.8025125628140702,0.8327386934673368,0.29031858093680896,0.3101933893387914,0.14975921273031825,0.1464862445188658,-1.1458126636968768,0.2020149421877825,0.32736020805660354,0.23869346733668342,0.14321608040201006,1.0,0.24361961638468688,-0.14797422640684244,0.24758667687202118,0.3070062600511092,-0.15660123589121555,-0.06338664366642233
AAPL,00_30,NEUTRAL,41,2015-06-29 00:00:00,2026-02-03 00:00:00,0.9512195121951221,0.7902439024390243,0.9600000000000002,0.29561437566469356,0.3331114635590139,0.15829461866047234,0.16668482617229063,-1.09456699369658,0.5923085897717743,0.21212487373396702,0.975609756097561,0.7804878048780488,1.0,1.8326631539567306,-0.0260552997300757,1.8643528278441348,2.109460061222039,-0.0260552997300757,-0.27679690726530826
AAPL,30_50,BEAR,100,2015-07-08 00:00:00,2026-01-30 00:00:00,0.9787999999999998,0.7063999999999997,0.9811999999999997,0.42345742428302763,0.44961649773744744,0.4076785714285714,0.41082072553518517,-0.38697344460348837,0.7087337539041398,0.14047198837861258,1.0,0.94,1.0,1.0029061417119731,-0.15465994428631535,1.0154849031185642,1.007797986432307,-0.15465994428631535,-0.004891844720333882
AAPL,30_50,BULL,373,2015-02-02 00:00:00,2026-05-07 00:00:00,0.7656300268096515,0.7312600536193029,0.7633780160857909,0.4185440917337069,0.4231562135119521,0.39238903783139717,0.40076842192365325,-0.38591651364002844,0.17086308765184438,0.405970123343418,0.17158176943699732,0.08579088471849866,1.0,-0.0778301084319607,-0.22842716512133665,-0.07267550861178218,-0.09557218692353431,-0.2742774624862352,0.01774207849157361
AAPL,30_50,NEUTRAL,35,2015-07-13 00:00:00,2025-02-27 00:00:00,0.9365714285714286,0.6868571428571428,0.9422857142857144,0.4425116264820099,0.4844579886765741,0.37539682539682545,0.404227983406836,-0.35143474471208364,0.5495101202798858,0.2526006346423862,1.0,0.7142857142857143,1.0,0.9250918486500785,-0.04176735304178203,0.9422439418512671,0.9437614844944413,-0.041689250446080295,-0.018669635844362764
AAPL,50_70,BEAR,134,2015-07-22 00:00:00,2026-01-21 00:00:00,0.8882089552238805,0.6225373134328359,0.9011940298507461,0.5481323975624878,0.5651459399036229,0.6155976072020848,0.6035301924037972,0.23810628193552547,0.6546904265704718,0.132347288488626,0.9029850746268657,0.6343283582089553,1.0,0.7066840994980759,-0.11572910105584167,0.720717882874528,0.968189475880471,-0.13838784522039094,-0.2615053763823951
AAPL,50_70,BULL,384,2015-01-13 00:00:00,2026-04-30 00:00:00,0.72625,0.6747916666666667,0.7216145833333334,0.5082550905606089,0.49588033138811577,0.5997643849206349,0.5959083896627101,0.1666160257964808,0.1926183598860128,0.3947523641023601,0.171875,0.11979166666666667,1.0,0.06885978743794241,-0.2595643932497699,0.0756362927851344,0.06561113799551244,-0.3405339663452648,0.003248649442429974
AAPL,50_70,NEUTRAL,65,2015-01-21 00:00:00,2026-04-21 00:00:00,0.8876923076923077,0.6452307692307692,0.8627692307692308,0.5261942223172922,0.5076813994311731,0.6282661782661783,0.6101927725135291,0.20744802213222063,0.4752755427299766,0.25366500392327573,0.7076923076923077,0.49230769230769234,1.0,1.5443710225581548,-0.10378879894698134,1.5714840136604429,1.4057041436171938,-0.1276489560004903,0.13866687894096108
AAPL,70_85,BEAR,178,2015-07-27 00:00:00,2026-04-14 00:00:00,0.828314606741573,0.5339325842696628,0.8346067415730337,0.6818635716113481,0.6755312741256945,0.8003054217941857,0.7844252582139224,0.9120917078315387,0.6300328685422592,0.13930748995382752,0.8876404494382022,0.3651685393258427,1.0,-0.07840185846604097,-0.2153222454504361,-0.07302072112028124,-0.06947394193937495,-0.256064329908271,-0.008927916526666024
AAPL,70_85,BULL,217,2015-01-02 00:00:00,2026-04-27 00:00:00,0.6352073732718893,0.5990783410138247,0.6278341013824885,0.6213887240823512,0.5938486059542858,0.7834192816911709,0.7638221121668376,0.7453716007537575,0.15589133645684147,0.4271536468030384,0.10599078341013825,0.055299539170506916,1.0,0.1577949595746364,-0.12094604070075876,0.16869468388014508,0.22298621434834276,-0.20171858237476026,-0.06519125477370635
AAPL,70_85,NEUTRAL,17,2015-05-12 00:00:00,2026-04-09 00:00:00,0.7611764705882352,0.6058823529411764,0.7717647058823529,0.5956194799612551,0.5683145160831193,0.8200280112044819,0.7651109588764583,0.7039799202221603,0.3669428972862491,0.36644417924631956,0.4117647058823529,0.35294117647058826,1.0,0.8677100302307734,-0.03113959248117093,0.8755889427163448,0.5364454217013634,-0.04632579268239101,0.33126460852941
AAPL,85_95,BEAR,197,2015-08-03 00:00:00,2026-04-08 00:00:00,0.693197969543147,0.4816243654822335,0.6951269035532993,0.7495360516200817,0.7318606691720996,0.9229917009104829,0.8952453272814846,1.499044913335449,0.5054869498690768,0.17485737580957134,0.6091370558375635,0.116751269035533,1.0,0.036985154371982354,-0.20610420172524657,0.04723262145591711,-0.0283465491467626,-0.2324832974142914,0.06533170351874495
AAPL,85_95,BULL,81,2015-01-06 00:00:00,2024-08-09 00:00:00,0.5271604938271606,0.5118518518518519,0.5232098765432099,0.7528586975402303,0.6992395317001688,0.8639280815206741,0.8928331662714898,1.4292763355918363,0.16134264024695652,0.4530531778243097,0.037037037037037035,0.012345679012345678,1.0,0.4153425620496698,-0.09499368810139341,0.42515475834571115,1.398160700514759,-0.15847839716788048,-0.9828181384650891
AAPL,85_95,NEUTRAL,21,2016-04-27 00:00:00,2026-03-03 00:00:00,0.5047619047619047,0.4666666666666666,0.5009523809523809,0.7844565661890166,0.7382726451850242,0.9165721844293273,0.9189972285210382,1.6617959216955962,0.3876753697964654,0.3417190741985337,0.09523809523809523,0.047619047619047616,1.0,0.6986171911102887,-0.013812048901260088,0.7100140978159672,1.4286888804261855,-0.04863733796005143,-0.7300716893158967
AAPL,95_100,BEAR,86,2015-08-21 00:00:00,2025-05-27 00:00:00,0.5648837209302324,0.426279069767442,0.5606976744186045,0.8233420088887216,0.8004120057005749,0.9882798080472501,0.9809420286124704,1.926177541946637,0.38113998441520225,0.21011807777749908,0.37209302325581395,0.0,1.0,0.007122891051066782,-0.12405522939854807,0.016956614582262386,0.08490298212553227,-0.24814797408429357,-0.07778009107446548
AAPL,95_100,BULL,62,2016-11-14 00:00:00,2020-11-12 00:00:00,0.3774193548387098,0.365483870967742,0.3654838709677421,0.8908559526166608,0.855788035094027,0.9750704045058887,0.9832949308755758,2.187506475930943,0.1237464143914702,0.6295400105984361,0.0,0.0,1.0,-0.0829328526520896,-0.060906078672479436,-0.07874929837089917,-0.2764807649330072,-0.1505535854719562,0.1935479122809176
AAPL,95_100,NEUTRAL,7,2016-05-03 00:00:00,2020-11-09 00:00:00,0.4142857142857143,0.3999999999999999,0.4,0.8369628195251738,0.8052832102954142,0.9736394557823129,0.9814814814814815,2.0698393131034782,0.2625475245077143,0.43922888518399644,0.0,0.0,1.0,1.3938866362063718,-0.020180680244218818,1.4247633007244067,9.809867039580828,-0.03582741148130608,-8.415980403374457
AAPL,raw_fallback,BEAR,149,2013-01-02 00:00:00,2014-04-17 00:00:00,0.8540939597315438,0.5481879194630873,0.8555704697986577,0.646286024183235,0.6529925966837314,,,,0.6526298331910199,0.11606942213257235,0.9328859060402684,0.4429530201342282,0.0,-0.0056167290482445065,-0.21624051490129725,0.002386149719021846,-0.062129108542255174,-0.2546372645835737,0.05651237949401067
AAPL,raw_fallback,BULL,324,2013-05-23 00:00:00,2014-12-31 00:00:00,0.7592592592592593,0.7272222222222223,0.7590123456790124,0.42006796388714407,0.42095585495003596,,,,0.13189799276287292,0.3762135958543451,0.10802469135802469,0.07716049382716049,0.0,0.26891181155138066,-0.15346477308425055,0.2750408626552834,0.32483187323515383,-0.17565196190654297,-0.05592006168377317
AAPL,raw_fallback,NEUTRAL,31,2013-05-21 00:00:00,2014-04-23 00:00:00,0.9729032258064516,0.6851612903225802,0.9638709677419355,0.49689984811890514,0.47338560027183324,,,,0.670976329047162,0.17831410745304463,0.9354838709677419,0.8387096774193549,0.0,0.3468637874262648,-0.0613720210663935,0.3468637874262648,0.3637548616202282,-0.061372021066393945,-0.016891074193963407
NVDA,00_30,BEAR,58,2018-04-09 00:00:00,2026-04-09 00:00:00,0.9813793103448276,0.7689655172413792,0.9862068965517242,0.32198443966435975,0.3640705432724864,0.1317391899288451,0.12021072796934865,-1.2341893909473447,0.6101506263347287,0.20925260899933426,0.9827586206896551,0.9310344827586207,1.0,1.381991410708257,-0.19721462443056836,1.3927582889450436,1.5006150276976955,-0.19721462443056847,-0.11862361698943857
NVDA,00_30,BULL,755,2015-01-22 00:00:00,2026-05-07 00:00:00,0.7874172185430464,0.7655629139072848,0.7940132450331127,0.3451133131151957,0.36945753297167483,0.14297014611584147,0.1337647406972474,-1.2565958151125904,0.1768467858829486,0.3218280095941224,0.15364238410596026,0.09403973509933775,1.0,0.2765883673859775,-0.34622354653202736,0.28348280801081627,0.425011552100806,-0.35900163543790087,-0.14842318471482852
NVDA,00_30,NEUTRAL,52,2018-04-06 00:00:00,2026-03-13 00:00:00,0.9323076923076924,0.7580769230769231,0.9292307692307692,0.33536347421602564,0.3710029171440967,0.11622405372405373,0.11472323972323971,-1.3005676316821442,0.5387820367805527,0.2674169734433654,0.8846153846153846,0.6346153846153846,1.0,1.2486390281331583,-0.12801214397684135,1.265541197840232,1.2681994469757005,-0.13124801648980278,-0.019560418842542227
NVDA,30_50,BEAR,53,2017-04-28 00:00:00,2025-05-09 00:00:00,0.9728301886792452,0.6222641509433962,0.9667924528301887,0.5484576592186712,0.5519282563893675,0.4346735549565738,0.41085155236098625,-0.23081730871339157,0.7279390583775397,0.13198932891798845,1.0,0.9433962264150944,1.0,-0.1633533653261766,-0.23793743527454114,-0.1611947268432533,-0.2078883971732467,-0.24634961258178278,0.04453503184707008
NVDA,30_50,BULL,385,2015-01-26 00:00:00,2026-03-10 00:00:00,0.7,0.6771948051948052,0.7036363636363636,0.4900969001321824,0.49033671496782916,0.36152855081426505,0.39323777271754146,-0.3263688305260149,0.13957764261102168,0.32923762411818985,0.08831168831168831,0.07012987012987013,1.0,0.581025388608523,-0.20327392846069214,0.585741062032807,0.9404071449929661,-0.25968191404826513,-0.35938175638444303
NVDA,30_50,NEUTRAL,23,2017-05-01 00:00:00,2026-03-09 00:00:00,0.92,0.6669565217391306,0.9034782608695653,0.49831156251223196,0.4962270480407569,0.4011387163561076,0.4098228663446055,-0.27052377568309616,0.5867030072944736,0.22825307070763914,0.8695652173913043,0.6086956521739131,1.0,4.415390868053539,-0.06770816785296585,4.4432698882251325,5.230930387996741,-0.06864860220078894,-0.8155395199432025
NVDA,50_70,BEAR,58,2017-04-19 00:00:00,2025-05-08 00:00:00,0.8872413793103449,0.5941379310344829,0.9034482758620688,0.5966825605980283,0.6053572947934737,0.6309181718664477,0.6107918263090677,0.2953438334104272,0.5902408823159278,0.19122065976549688,0.9310344827586207,0.7241379310344828,1.0,-0.09220798575798983,-0.17997488776206993,-0.08416487280674634,-0.14105913382386615,-0.1992018773460026,0.048851148065876315
NVDA,50_70,BULL,358,2015-01-21 00:00:00,2026-03-11 00:00:00,0.6699441340782122,0.6494972067039105,0.670558659217877,0.5326785760489423,0.5194536731985886,0.5717001418817061,0.5930032680569708,0.23930010657267464,0.116856692071553,0.3113580374862767,0.0782122905027933,0.03910614525139665,1.0,0.4982114671337834,-0.183987856977334,0.5067271822011068,0.7933472313502026,-0.2266048438481405,-0.2951357642164192
NVDA,50_70,NEUTRAL,31,2015-05-29 00:00:00,2025-02-20 00:00:00,0.8761290322580645,0.5722580645161292,0.8522580645161291,0.5902988584531891,0.6124740964682898,0.6251920122887865,0.6017049966412645,0.28590904969153136,0.5027376793989288,0.2338506203808842,0.8064516129032258,0.5806451612903226,1.0,-0.5622706268855231,-0.1440121454368689,-0.5573798300342917,-0.5492897558742815,-0.15068618475520357,-0.012980871011241568
NVDA,70_85,BEAR,128,2015-05-27 00:00:00,2025-04-28 00:00:00,0.8200000000000002,0.5240624999999999,0.8228125000000002,0.6877132641966456,0.6872329410531584,0.8018508184523809,0.786354627565836,0.9033645325674439,0.5758920203406441,0.15528736123742531,0.8984375,0.3359375,1.0,1.0141332923584456,-0.27157300471133816,1.0373444973267745,1.4311191526379412,-0.31508053816098325,-0.4169858602794956
NVDA,70_85,BULL,256,2015-01-16 00:00:00,2025-12-04 00:00:00,0.6382812499999999,0.6034374999999998,0.6328125,0.5962419804593082,0.5853907477426064,0.7410946800595237,0.7699784776448277,0.8317537909164413,0.1270273718840899,0.34502349504255736,0.109375,0.0390625,1.0,0.7817425962048055,-0.14920595981736906,0.7953801511048872,1.4547018695726779,-0.21759228886108262,-0.6729592733678724
NVDA,70_85,NEUTRAL,33,2015-06-02 00:00:00,2024-09-30 00:00:00,0.823030303030303,0.56,0.8266666666666665,0.6423844593266645,0.6385136599397527,0.8192039442039442,0.7899827561882495,0.8758923295668759,0.5530788639205773,0.22162586017432265,0.8484848484848485,0.3939393939393939,1.0,-0.8354670525926351,-0.23382646864754697,-0.8336290690812692,-0.9391171119186419,-0.33189662142077114,0.1036500593260068
NVDA,85_95,BEAR,139,2015-05-22 00:00:00,2025-05-07 00:00:00,0.76705035971223,0.49712230215827335,0.7716546762589926,0.7271752609891429,0.7155786034110695,0.9134977732100035,0.9118964376091068,1.5017048653274347,0.5848494093168358,0.15695076775008815,0.8201438848920863,0.22302158273381295,1.0,2.826297796771492,-0.13593708663443183,2.870605733153486,4.327557617365558,-0.2083533763215939,-1.5012598205940662
NVDA,85_95,BULL,199,2015-01-09 00:00:00,2025-12-03 00:00:00,0.5983919597989948,0.5653266331658291,0.5967839195979898,0.6535015427512139,0.6410983471402518,0.8691971763579802,0.9056792961524421,1.4801555604633307,0.1362750035575696,0.30130000109355604,0.1407035175879397,0.05025125628140704,1.0,0.10586859189041142,-0.17633463520613357,0.11107875009612656,0.3721726856308938,-0.20847299352015747,-0.26630409374048236
NVDA,85_95,NEUTRAL,32,2015-06-09 00:00:00,2024-08-29 00:00:00,0.711875,0.5425,0.7362500000000001,0.6978758615907281,0.679645310000593,0.8755580357142857,0.8928027339772742,1.3996526875564912,0.39034879078635704,0.3445514800053686,0.65625,0.1875,1.0,-0.5468180105389476,-0.13760266369474083,-0.5426790299412789,-0.7073263753172665,-0.17701999715080652,0.16050836477831887
NVDA,95_100,BEAR,133,2015-01-28 00:00:00,2022-06-16 00:00:00,0.618045112781955,0.4610526315789473,0.6168421052631581,0.7853829304750701,0.7480090086577581,0.970581214942117,0.9760657900329306,2.2417935151280886,0.5846969081818733,0.128755777011611,0.45864661654135336,0.2781954887218045,1.0,0.4422319294991035,-0.17845206994099894,0.4547713581304278,0.26748987411032843,-0.28937755364660445,0.17474205538877507
NVDA,95_100,BULL,144,2015-01-02 00:00:00,2017-09-13 00:00:00,0.5779166666666666,0.5281944444444444,0.5706944444444444,0.7278539427400877,0.6874780919615349,0.9697282848324514,0.9787284034838107,2.2696582974337485,0.15458274180741385,0.2885246699594866,0.1597222222222222,0.041666666666666664,1.0,0.9323723811523774,-0.07805976300371398,0.9475741438485545,2.146492484351709,-0.1361303600894911,-1.2141201031993314
NVDA,95_100,NEUTRAL,16,2015-01-29 00:00:00,2017-03-28 00:00:00,0.60625,0.4875,0.61,0.7495671431533992,0.7297092736748729,0.9709821428571428,0.9791126163108922,1.9661310570178674,0.40227912061992505,0.1913439611764096,0.4375,0.125,1.0,0.5455157373006907,-0.05159104708450912,0.5786747547259634,2.19057399327965,-0.06375401937734959,-1.6450582559789595
NVDA,raw_fallback,BEAR,40,2013-01-02 00:00:00,2014-10-27 00:00:00,0.8949999999999999,0.837,0.8755,0.22919901285320518,0.22840918709745256,,,,0.4004951961747997,0.37387905900959256,0.9,0.275,0.0,1.4891609100680752,-0.07589261365315347,1.4968973750950116,1.8263315205951982,-0.08163594448804312,-0.33717061052712305
NVDA,raw_fallback,BULL,436,2013-01-04 00:00:00,2014-12-31 00:00:00,0.8454587155963302,0.850183486238532,0.8529816513761468,0.16505137304818135,0.16364838747576096,,,,0.1488121298081596,0.4321903260690324,0.08027522935779817,0.011467889908256881,0.0,0.1548013041051175,-0.08107413697569987,0.15560734440967794,0.17477909039020445,-0.09539204862238482,-0.01997778628508695
NVDA,raw_fallback,NEUTRAL,28,2013-01-03 00:00:00,2014-10-30 00:00:00,0.8892857142857142,0.852857142857143,0.8864285714285715,0.1627219020122928,0.1562717162643166,,,,0.32275163693334585,0.4553968148462425,0.75,0.21428571428571427,0.0,0.3192537973173706,-0.03244105008214726,0.32260231735045064,0.394569919980734,-0.03856286686720389,-0.0753161226633634
QQQ,00_30,BEAR,24,2022-07-29 00:00:00,2023-11-02 00:00:00,0.9516666666666667,0.7316666666666666,0.975,0.35840745937700075,0.41121308572248627,0.18716931216931218,0.19020061728395063,-1.059945901151983,0.5835179822958497,0.21790614666747823,1.0,0.9166666666666666,1.0,0.05679412017648655,-0.04632407643686176,0.06302059870798815,-0.09356274420433486,-0.04780845645169096,0.1503568643808214
QQQ,00_30,BULL,768,2015-02-13 00:00:00,2026-05-07 00:00:00,0.8372916666666667,0.8260156250000001,0.8451041666666667,0.22845998083163668,0.26049867770576346,0.14427290013227514,0.1471242198918247,-1.1900107519005774,0.15762947828746304,0.31128015652686525,0.11979166666666667,0.09114583333333333,1.0,0.14879348325862773,-0.11711109995749802,0.15185582798463604,0.1620301002664164,-0.1532962216816096,-0.013236617007788665
QQQ,00_30,NEUTRAL,11,2016-06-07 00:00:00,2024-04-24 00:00:00,0.9836363636363636,0.7472727272727273,0.9800000000000001,0.32195676477117974,0.3786398062529153,0.19678932178932182,0.1827801827801828,-1.0801419364892502,0.6440391558620528,0.1909829488033444,0.9090909090909091,0.9090909090909091,1.0,1.0884922494278002,-0.014505075446299753,1.0960501535372331,1.1825138865400588,-0.014505075446299864,-0.09402163711225864
QQQ,30_50,BEAR,17,2016-06-15 00:00:00,2026-03-17 00:00:00,0.8647058823529412,0.6611764705882353,0.8741176470588234,0.4752859323778574,0.5111430886421097,0.35480859010270777,0.3733271086212263,-0.3855350829853676,0.5744025723974474,0.2410806356205618,0.8823529411764706,0.5882352941176471,1.0,0.7264633065778598,-0.024475891148042717,0.7706529483619635,1.1718057437000327,-0.024475891148042828,-0.4453424371221728
QQQ,30_50,BULL,565,2015-02-11 00:00:00,2026-04-24 00:00:00,0.7742654867256638,0.7353982300884957,0.7781592920353982,0.3910489923671811,0.40568838867107293,0.4161223486444725,0.39841342593239903,-0.4361090548703422,0.1774551113030305,0.3628129476300907,0.15221238938053097,0.12212389380530973,1.0,0.09171665689594155,-0.1886219487330234,0.0967904373531554,0.0749327630556067,-0.3047412890109088,0.01678389384033485
QQQ,30_50,NEUTRAL,11,2016-06-13 00:00:00,2024-09-13 00:00:00,0.9563636363636363,0.72,0.9490909090909092,0.3755688764832236,0.425327687190538,0.3593073593073593,0.38107263107263106,-0.49970074597772673,0.5920085597099413,0.21753061220919256,0.9090909090909091,0.8181818181818182,1.0,-0.2555551825349881,-0.04625560141600671,-0.24466441615523793,-0.27940436338560015,-0.048307134180139766,0.02384918085061205
QQQ,50_70,BEAR,47,2016-06-22 00:00:00,2026-04-08 00:00:00,0.6948936170212767,0.5042553191489362,0.7506382978723405,0.6662959271923026,0.6991767966168251,0.5926207362377576,0.6129967353371609,0.4221590417968461,0.6189168080522964,0.20171383925394207,0.7659574468085106,0.2765957446808511,1.0,0.3288183574715049,-0.05462120013886196,0.3601949911173232,-0.0693265923153148,-0.14352337301670448,0.3981449497868197
QQQ,50_70,BULL,448,2015-03-06 00:00:00,2026-04-14 00:00:00,0.7083928571428572,0.655,0.7042857142857143,0.5340835518536291,0.521605317662089,0.5881474985827665,0.6054739418992059,0.24299955278770294,0.21389258734357394,0.39078529866660056,0.16294642857142858,0.11830357142857142,1.0,0.13346165184204284,-0.07208095156030592,0.1427322323629734,0.21748990473171226,-0.08601081530302845,-0.08402825288966942
QQQ,50_70,NEUTRAL,38,2016-03-23 00:00:00,2026-04-13 00:00:00,0.8336842105263159,0.5700000000000001,0.8615789473684211,0.5938562701015095,0.6292256024005707,0.6195697577276524,0.6075605680868839,0.3148229166912153,0.5919355130082465,0.21747397217691172,0.868421052631579,0.5526315789473685,1.0,0.6913035713169193,-0.03866429059898058,0.7105855761975444,0.7922292923049004,-0.041639857457122176,-0.10092572098798103
QQQ,70_85,BEAR,128,2015-07-09 00:00:00,2026-03-19 00:00:00,0.60953125,0.43593749999999987,0.61765625,0.7912932443316094,0.7838569316965569,0.8036179315476191,0.7860718474011744,1.0720520599398218,0.6077563374099559,0.18572035011843427,0.5078125,0.125,1.0,0.08477591708626897,-0.1779321256329598,0.10463589135623264,0.36094677390200314,-0.21675395315839374,-0.27617085681573417
QQQ,70_85,BULL,211,2015-01-02 00:00:00,2026-01-20 00:00:00,0.6204739336492892,0.5669194312796209,0.6174407582938388,0.6752028090835182,0.6333272284220642,0.7452136462799969,0.7684762730319057,0.9317333365934657,0.2260645693766433,0.44390963030075553,0.14691943127962084,0.07109004739336493,1.0,0.0623761780733143,-0.09540792668019993,0.0736026842858577,0.0001369645505013839,-0.14906684518296687,0.06223921352281292
QQQ,70_85,NEUTRAL,36,2015-07-08 00:00:00,2026-02-25 00:00:00,0.7566666666666668,0.5222222222222225,0.752777777777778,0.7144761263910268,0.6829667689081467,0.7173170194003526,0.7649796647535541,0.952758832194178,0.49467806443561574,0.2673008443052899,0.6944444444444444,0.3055555555555556,1.0,0.927953459199121,-0.04043689747113133,0.9720252500530018,1.4609283948249945,-0.0464879976158048,-0.5329749356258735
QQQ,85_95,BEAR,182,2015-09-16 00:00:00,2026-04-07 00:00:00,0.5104395604395604,0.3905494505494506,0.5181318681318681,0.8363088818860578,0.8201071428227489,0.9046528867957441,0.901106065433868,1.4255373016374957,0.6133320468280696,0.17327842767623614,0.34615384615384615,0.11538461538461539,1.0,0.041352566611922104,-0.09933324671849819,0.05595516436390735,-0.03478122039158238,-0.1867562081705345,0.07613378700350448
QQQ,85_95,BULL,107,2015-01-06 00:00:00,2026-02-11 00:00:00,0.5398130841121496,0.49943925233644865,0.5422429906542056,0.786350292190213,0.7084061357638716,0.8806371458240619,0.8955557099712617,1.5740441206151055,0.23608082132078886,0.4377336818609241,0.14953271028037382,0.018691588785046728,1.0,0.12173794293186346,-0.0692265128356424,0.13908532855366196,0.05893855992492636,-0.19508545876074146,0.0627993830069371
QQQ,85_95,NEUTRAL,26,2015-02-02 00:00:00,2026-02-18 00:00:00,0.6569230769230768,0.4961538461538461,0.666923076923077,0.7842015870488607,0.711102462275305,0.8708028083028083,0.8941756170342612,1.5475342777838639,0.470604662790134,0.30634984767722123,0.5769230769230769,0.0,1.0,1.050342346873955,-0.009302816565432637,1.0726198227600836,2.674653941421027,-0.013653490051358519,-1.624311594547072
QQQ,95_100,BEAR,173,2015-01-30 00:00:00,2026-03-30 00:00:00,0.4346820809248556,0.36312138728323695,0.4298265895953758,0.8795326691486932,0.8549786067712418,0.9747683273694834,0.9798323886726998,1.763904581389684,0.6126753263879864,0.17357926766595855,0.18497109826589594,0.017341040462427744,1.0,0.41531702673794424,-0.043533676391487086,0.429263935092969,0.8309092243758043,-0.11978785083934085,-0.41559219763786004
QQQ,95_100,BULL,47,2015-01-07 00:00:00,2021-03-10 00:00:00,0.44255319148936184,0.40638297872340434,0.4182978723404256,0.8695986281684105,0.8040698250804306,0.9680428909152313,0.9767036059778438,1.8272755709863775,0.20664294409796016,0.5168790715465013,0.0425531914893617,0.0,1.0,0.6782966896586402,-0.014620871964828197,0.7043448404837902,1.7755690498022005,-0.03912304075255235,-1.0972723601435603
QQQ,95_100,NEUTRAL,14,2015-01-28 00:00:00,2020-03-10 00:00:00,0.6142857142857144,0.41857142857142854,0.6057142857142858,0.8790144569107464,0.7974555576489626,0.9892290249433106,0.9890138400687931,1.8838186467045346,0.47890277940155446,0.26200749910675825,0.5714285714285714,0.07142857142857142,1.0,-0.12537899722651702,-0.05050505904272984,-0.11594694167448394,-0.8237542831200415,-0.1312526956289698,0.6983752858935245
QQQ,raw_fallback,BEAR,20,2014-04-10 00:00:00,2014-10-22 00:00:00,0.8360000000000001,0.5509999999999999,0.8260000000000002,0.659088750332594,0.6587993591831915,,,,0.47689047724993533,0.32581033485910377,0.85,0.4,0.0,3.1382029477461906,-0.004150529540342784,3.1967495210071775,4.998961833903942,-0.005161291542697621,-1.8607588861577513
QQQ,raw_fallback,BULL,464,2013-01-02 00:00:00,2014-12-31 00:00:00,0.8,0.8118965517241379,0.8165948275862068,0.26777971863971445,0.26485940551501813,,,,0.10720980609270313,0.40769788855347033,0.02586206896551724,0.01293103448275862,0.0,0.143590802916004,-0.061366648486617104,0.1469708686835729,0.17151863799720157,-0.08981297019699774,-0.02792783508119756
QQQ,raw_fallback,NEUTRAL,20,2013-02-25 00:00:00,2014-10-21 00:00:00,0.8550000000000001,0.597,0.851,0.5361879412084819,0.5840063907203501,,,,0.4543233582086314,0.3458432821108974,0.8,0.5,0.0,0.179336896295347,-0.03950574598233725,0.1960111838237273,0.1356994719182174,-0.04427250104491087,0.043637424377129586
SOXX,00_30,BEAR,1,2025-02-25 00:00:00,2025-02-25 00:00:00,0.74,0.74,0.74,0.2487349987030029,0.3936993509909345,0.09523809523809523,0.07671957671957672,-1.3683212018055748,0.3953110068139682,0.392674450929176,0.0,0.0,1.0,-0.9999855959179283,0.0,-0.9999855959179283,-0.9999997280723447,0.0,1.4132154416368614e-05
SOXX,00_30,BULL,618,2016-11-30 00:00:00,2026-05-07 00:00:00,0.8076699029126215,0.8070873786407767,0.8192233009708739,0.28267700387387984,0.31122947816334,0.14150549648122462,0.15985813599082208,-1.128315064929969,0.12453622704847,0.35208804885999756,0.06957928802588997,0.05016181229773463,1.0,0.5618000306392485,-0.12350061626362241,0.5684088256053625,0.7314105392159809,-0.15452197985621785,-0.16961050857673232
SOXX,00_30,NEUTRAL,12,2021-10-14 00:00:00,2025-02-26 00:00:00,0.9783333333333334,0.7466666666666667,0.9833333333333334,0.3280067203566432,0.40503546221875536,0.19874338624338625,0.19014550264550265,-1.0550509805053465,0.5644651593761215,0.20388307019672017,1.0,0.9166666666666666,1.0,0.7086554864893988,-0.04488867503899929,0.7115447801809385,0.828603163301324,-0.04481182883447832,-0.1199476768119252
SOXX,30_50,BEAR,45,2022-07-28 00:00:00,2025-05-22 00:00:00,0.9640000000000001,0.6213333333333333,0.9653333333333333,0.5065882003638481,0.548161712877405,0.4927248677248678,0.4354791299235744,-0.23679567716269923,0.5798825672363065,0.21926005094408108,0.9777777777777777,0.9111111111111111,1.0,-0.003521787783667185,-0.13528034887814278,0.0031812793359886626,0.12566353102045635,-0.13261072613420488,-0.12918531880412354
SOXX,30_50,BULL,567,2015-02-25 00:00:00,2026-05-04 00:00:00,0.7755908289241623,0.7468430335097003,0.7788359788359789,0.3861819205381883,0.3978951979132163,0.3515334117185969,0.3954508382550426,-0.47880098721452957,0.16291038711167175,0.3631622574481678,0.13403880070546736,0.10229276895943562,1.0,-0.01886304138653594,-0.3286504805220253,-0.014242788250955707,-0.014188363162931816,-0.3846097615729005,-0.004674678223604123
SOXX,30_50,NEUTRAL,25,2018-06-27 00:00:00,2025-05-23 00:00:00,0.9448000000000001,0.6727999999999998,0.9239999999999999,0.44567820537090297,0.49313098046358533,0.43714285714285717,0.40629629629629627,-0.4089074568507134,0.5287315024894488,0.21249129443020592,0.92,0.72,1.0,1.1366331053445466,-0.08251047524374244,1.1540729485963834,1.1317937294727498,-0.08479594162472592,0.004839375871796836
SOXX,50_70,BEAR,109,2018-06-28 00:00:00,2025-05-09 00:00:00,0.8814678899082568,0.5550458715596331,0.8836697247706421,0.6382866392988676,0.6426752042526912,0.6553444007572446,0.6190718897140915,0.4064780796924114,0.564599283579329,0.20353073055867796,0.944954128440367,0.5596330275229358,1.0,1.0209735491161318,-0.1431219705760821,1.0480754547136688,1.2199180133870549,-0.15758248983914824,-0.19894446427092305
SOXX,50_70,BULL,444,2015-02-20 00:00:00,2026-04-07 00:00:00,0.7154504504504504,0.6694144144144143,0.7112612612612612,0.5105170951015107,0.5041003130235832,0.574056199056199,0.5986000816890884,0.1655533323322558,0.18153551669497697,0.3653145615344513,0.15315315315315314,0.09684684684684684,1.0,0.04438859640576864,-0.24928050557598735,0.049451010527048256,0.06746088214674018,-0.3619290829628198,-0.023072285740971532
SOXX,50_70,NEUTRAL,39,2016-05-18 00:00:00,2025-05-30 00:00:00,0.8989743589743591,0.6020512820512822,0.9189743589743591,0.5943291960236354,0.5907599600574944,0.6782661782661781,0.6186067019400353,0.3175852755172483,0.5851084202624338,0.1969073651790307,0.9230769230769231,0.7435897435897436,1.0,1.0205291815539166,-0.061253252569695715,1.0556948550627094,1.0152950043787738,-0.07850450477582438,0.00523417717514274
SOXX,70_85,BEAR,127,2016-01-06 00:00:00,2025-05-06 00:00:00,0.6858267716535431,0.4549606299212599,0.7102362204724407,0.767163543837277,0.7628309541194389,0.7884639420072489,0.7793504978544348,1.0623635818528774,0.5982157604428034,0.17266111336376552,0.7322834645669292,0.03937007874015748,1.0,0.1587834224975615,-0.17162280388511142,0.16951283553999752,0.2738872665698291,-0.2149490571705165,-0.11510384407226759
SOXX,70_85,BULL,285,2015-02-13 00:00:00,2026-03-25 00:00:00,0.6229473684210526,0.5841403508771931,0.6294035087719299,0.6379136341339663,0.6075923520154017,0.7359370648844333,0.7655734472364117,0.842534547827795,0.21850219870326276,0.37049674524117854,0.1368421052631579,0.031578947368421054,1.0,0.1189308283653907,-0.12714723900062563,0.13220203091278582,0.23360925127102528,-0.17930340225007102,-0.11467842290563457
SOXX,70_85,NEUTRAL,46,2016-03-03 00:00:00,2026-04-02 00:00:00,0.6721739130434782,0.5147826086956521,0.6978260869565218,0.6976507342380027,0.6948374892043904,0.7083333333333334,0.7633712905452036,0.9212242181261737,0.45883020991349016,0.30441861860923525,0.5434782608695652,0.13043478260869565,1.0,0.8733288193857898,-0.09390358967696211,0.9218112782197685,1.3857981304582783,-0.11919478948915396,-0.5124693110724885
SOXX,85_95,BEAR,209,2015-07-06 00:00:00,2025-04-03 00:00:00,0.503444976076555,0.40583732057416266,0.5173205741626794,0.8329138605503374,0.8193418575951702,0.9218026125920863,0.9109966952544925,1.6190601254617036,0.6760667603522452,0.125545496940123,0.3062200956937799,0.0430622009569378,1.0,-0.04431396551249689,-0.17066499429081206,-0.03618502302942184,-0.05902326071550745,-0.2723712782387495,0.014709295203010564
SOXX,85_95,BULL,107,2015-01-02 00:00:00,2026-03-27 00:00:00,0.6166355140186913,0.5198130841121495,0.6093457943925232,0.7484454767865557,0.694267028359419,0.9033526183058893,0.8959494209541067,1.5935106548089144,0.309284565714924,0.3098553125643175,0.27102803738317754,0.07476635514018691,1.0,-0.08974014026400434,-0.09539033617369708,-0.07867500421808127,0.11898621975709966,-0.14299898671377032,-0.208726360021104
SOXX,85_95,NEUTRAL,27,2015-06-29 00:00:00,2026-03-30 00:00:00,0.5274074074074074,0.43999999999999995,0.5207407407407407,0.80893992472578,0.7694326483546722,0.9080687830687831,0.9093823153762763,1.7059887441271617,0.5849144276647112,0.1618013184969424,0.2222222222222222,0.0,1.0,1.172756114590062,-0.020105573596826964,1.2082816616852985,3.9897813364700525,-0.03530374721481111,-2.8170252218799905
SOXX,95_100,BEAR,152,2015-05-06 00:00:00,2024-09-13 00:00:00,0.41236842105263166,0.34815789473684206,0.3989473684210528,0.8766115772096736,0.8530520955529517,0.9799759816207185,0.9801062293614266,2.0495819175964174,0.6623375908731773,0.10846391103731619,0.14473684210526316,0.03289473684210526,1.0,0.10103070430793237,-0.09651227639718263,0.11338257550388597,0.39753499159384176,-0.15212392968758426,-0.2965042872859094
SOXX,95_100,BULL,33,2015-01-05 00:00:00,2021-03-12 00:00:00,0.6642424242424243,0.5581818181818182,0.6696969696969698,0.7132973016211482,0.6380448861948376,0.9707792207792207,0.9721178735798677,2.620541274153073,0.29415885965362654,0.2871385875954854,0.3333333333333333,0.06060606060606061,1.0,0.9190548417905444,-0.02361864281061965,0.9538781180286315,1.748588064514613,-0.03445144727352656,-0.8295332227240686
SOXX,95_100,NEUTRAL,7,2015-05-05 00:00:00,2019-05-28 00:00:00,0.7114285714285714,0.4714285714285714,0.6885714285714285,0.8003808987992151,0.7458900651806203,0.9733560090702947,0.9785262576081097,2.27601643412777,0.6358451613689554,0.16209202795040095,0.5714285714285714,0.42857142857142855,1.0,0.5152902899965799,-0.008664233616665684,0.5283846873672864,0.5401427499397424,-0.011488777425649799,-0.02485245994316254
SOXX,raw_fallback,BEAR,16,2013-08-27 00:00:00,2014-10-30 00:00:00,0.7675000000000001,0.60375,0.7662500000000001,0.6206599035067484,0.5840252713428881,,,,0.38604978337659895,0.18757587751597216,0.5625,0.0625,0.0,7.052016973402342,-0.011486222028471271,7.177664119553439,15.403605195162324,-0.014330794687603565,-8.351588221759982
SOXX,raw_fallback,BULL,482,2013-01-02 00:00:00,2014-12-31 00:00:00,0.8260165975103735,0.8345228215767635,0.844564315352697,0.20945499681199115,0.20913409900120275,,,,0.11119167133919239,0.3504081775506419,0.029045643153526972,0.029045643153526972,0.0,0.21591763772921224,-0.1060068274479623,0.21756919510043815,0.25648095763075895,-0.1333223874200341,-0.04056331990154671
SOXX,raw_fallback,NEUTRAL,6,2013-08-23 00:00:00,2014-10-09 00:00:00,0.7933333333333333,0.82,0.82,0.2748687967037161,0.259917823438947,,,,0.26099776526698676,0.2078289298292518,0.0,0.0,0.0,-0.8559657341576465,-0.03592763923412068,-0.8559657341576465,-0.9233950192524064,-0.048011300299173,0.06742928509475987
SPY,00_30,BEAR,4,2023-09-22 00:00:00,2023-10-11 00:00:00,0.945,0.8,0.8999999999999999,0.3325057629495859,0.3387996453142361,0.29662698412698413,0.26884920634920634,-0.9482662042963033,0.46060853035422533,0.30722518172227753,1.0,0.5,1.0,-0.7369951734235818,-0.006379149120730565,-0.7261683951167817,-0.7126104838445653,-0.005376662832021872,-0.024384689579016516
SPY,00_30,BULL,774,2015-02-13 00:00:00,2026-05-07 00:00:00,0.824625322997416,0.8317054263565892,0.8393798449612403,0.21662974423062278,0.24663605650990242,0.14049618555432508,0.13542051935197136,-1.2126310481382154,0.12071625286510163,0.35433372225980836,0.06976744186046512,0.03488372093023256,1.0,0.07303861926561805,-0.13041024612408425,0.07566900440904467,0.08550782976738924,-0.16790281601508872,-0.012469210501771189
SPY,00_30,NEUTRAL,2,2015-07-23 00:00:00,2023-09-20 00:00:00,1.0,0.86,1.0,0.18474536240100858,0.20396698134201124,0.19543650793650794,0.2010921441325796,-1.081011170301613,0.5218393501629361,0.22715373517778092,1.0,0.5,1.0,-0.6389510404088429,-0.00224863527325625,-0.6389510404088429,-0.6389510404088429,-0.00224863527325625,0.0
SPY,30_50,BEAR,27,2015-07-27 00:00:00,2023-11-09 00:00:00,0.9518518518518518,0.7229629629629628,0.9503703703703704,0.4411086177108465,0.42878108744032534,0.40299823633156967,0.4054450588267277,-0.3245649025935389,0.5143116009844871,0.2578661868499249,0.9629629629629629,0.7037037037037037,1.0,0.1474872451029312,-0.033081910952768356,0.1517779921931266,0.17093183354914787,-0.033750023107468885,-0.023444588446216663
SPY,30_50,BULL,498,2015-03-02 00:00:00,2026-04-30 00:00:00,0.7734538152610442,0.7549799196787149,0.7796787148594378,0.3614026470536209,0.37917478976064095,0.3958930961943011,0.3995583883645753,-0.45406593777713367,0.15083003103038864,0.3954504267452514,0.10843373493975904,0.08634538152610442,1.0,0.08789179749539766,-0.0773617533116423,0.09461152784046489,0.09451624007931358,-0.11543791272095949,-0.006624442583915924
SPY,30_50,NEUTRAL,13,2016-11-09 00:00:00,2023-11-08 00:00:00,0.7876923076923076,0.6138461538461537,0.7646153846153846,0.4972876766553292,0.5816517545239861,0.3765262515262515,0.41208791208791207,-0.23950213570538287,0.43647703211218236,0.3534753317083262,0.6153846153846154,0.23076923076923078,1.0,0.937985063120689,-0.007798591061988547,0.9515710835622004,2.115588532650337,-0.007798591061988658,-1.177603469529648
SPY,50_70,BEAR,42,2015-07-24 00:00:00,2023-11-01 00:00:00,0.7776190476190477,0.6214285714285714,0.79,0.5872909244682107,0.5733602489902666,0.555791761148904,0.6149601330251292,0.37863040911497964,0.4646760482892748,0.3055068777527575,0.5952380952380952,0.21428571428571427,1.0,-0.01263553016644925,-0.06690148874528123,-0.002134483160438516,-0.06920549512307073,-0.08176902125780516,0.05656996495662148
SPY,50_70,BULL,495,2015-01-02 00:00:00,2026-04-29 00:00:00,0.702949494949495,0.6600404040404041,0.7028686868686868,0.5140261951239422,0.5105794102066291,0.5774490941157608,0.5934594841374699,0.17181680700488858,0.20166833092546588,0.4245860194843438,0.16363636363636364,0.09292929292929293,1.0,0.07262062859864993,-0.12389528970616592,0.0810606438381063,0.1567635333265669,-0.12803033599298663,-0.08414290472791697
SPY,50_70,NEUTRAL,26,2015-10-27 00:00:00,2026-04-13 00:00:00,0.7969230769230768,0.5415384615384615,0.7884615384615384,0.6222200091355122,0.6587925210119002,0.591498778998779,0.6115494964086513,0.391631685930484,0.5401768695024696,0.271710741823766,0.6923076923076923,0.23076923076923078,1.0,-0.21196443078554306,-0.046782080274383464,-0.1977535958623744,-0.3402743170770849,-0.06418061001703468,0.12830988629154183
SPY,70_85,BEAR,125,2015-06-30 00:00:00,2026-03-17 00:00:00,0.55808,0.43664000000000003,0.5736,0.7693205516695977,0.7775841914479267,0.7870952380952381,0.7851799977149717,1.0590862525058042,0.6394966886287214,0.16744522907018897,0.384,0.168,1.0,0.1620803049527153,-0.11731280146765433,0.17495098349167004,0.020699310202501042,-0.25808240308454367,0.14138099475021426
SPY,70_85,BULL,283,2015-02-10 00:00:00,2026-03-04 00:00:00,0.6019081272084805,0.5634628975265017,0.5934982332155476,0.6696578678204399,0.6292010715444453,0.7405771495877502,0.7672036464909274,0.8958756417393365,0.2085548794190729,0.4753958756142333,0.09540636042402827,0.038869257950530034,1.0,0.08267676280460856,-0.10882417256670307,0.09087807817784732,0.1032338364771741,-0.1930916267453463,-0.02055707367256554
SPY,70_85,NEUTRAL,41,2015-06-29 00:00:00,2026-04-10 00:00:00,0.6351219512195122,0.4873170731707317,0.6619512195121952,0.7404146350011593,0.7298721997856704,0.7790843979868369,0.7810910580412408,1.0425239103399688,0.5461253975117094,0.2661654132536117,0.5365853658536586,0.04878048780487805,1.0,0.19311266862520582,-0.03456566496234681,0.22282136252618012,0.5652512973586932,-0.04624437009947968,-0.37213862873348735
SPY,85_95,BEAR,185,2015-07-08 00:00:00,2026-04-07 00:00:00,0.42075675675675694,0.3637837837837837,0.42194594594594603,0.8536746486296527,0.8416341368581093,0.9136422136422137,0.9094049169073644,1.537921951183849,0.6618365511389638,0.13961673931778243,0.17297297297297298,0.016216216216216217,1.0,-0.07171011731512844,-0.14667728575436367,-0.06350592136200706,-0.18258497727733025,-0.3955799820632757,0.11087485996220181
SPY,85_95,BULL,120,2015-01-05 00:00:00,2026-02-13 00:00:00,0.6421666666666667,0.5165,0.6413333333333334,0.7582847634827097,0.6931614730808129,0.8884093915343916,0.8915186825349799,1.592355881683832,0.3424354692968372,0.3420129845821369,0.36666666666666664,0.06666666666666667,1.0,0.1870648337932963,-0.03523873370751118,0.21232847584858705,0.38976378332150663,-0.0645049120852802,-0.20269894952821033
SPY,85_95,NEUTRAL,25,2015-11-13 00:00:00,2026-03-09 00:00:00,0.6,0.48560000000000003,0.5871999999999999,0.8350691504478456,0.7359771772842661,0.881031746031746,0.8967940102057331,1.4876569661025403,0.4141266944565373,0.3250881538782639,0.32,0.08,1.0,0.13781476925345126,-0.02404725292627008,0.15852120484452614,0.4890698847183732,-0.03168878910283135,-0.35125511546492194
SPY,95_100,BEAR,160,2015-01-30 00:00:00,2026-04-01 00:00:00,0.3713750000000001,0.33324999999999994,0.36212500000000014,0.8956604731082916,0.8677415179224015,0.972891865079365,0.9769900896024144,1.83679197744175,0.7150147204693996,0.09957231728814282,0.08125,0.01875,1.0,0.3217606294958102,-0.038062362714710085,0.3360582812641162,1.0487812339762739,-0.09303502476744052,-0.7270206044804637
SPY,95_100,BULL,21,2015-01-06 00:00:00,2020-06-30 00:00:00,0.6714285714285715,0.46190476190476204,0.6676190476190478,0.8444177261420661,0.74678758205133,0.972694633408919,0.9771407023692978,2.1689463494817334,0.5712536321485315,0.16483517956346,0.6666666666666666,0.09523809523809523,1.0,0.37480960262599883,-0.01940606108042553,0.4021047791901342,0.486736912507175,-0.035494995740929736,-0.11192730988117616
SPY,95_100,NEUTRAL,12,2015-01-29 00:00:00,2023-01-05 00:00:00,0.5566666666666666,0.43999999999999995,0.5499999999999999,0.8848643456896146,0.7741070421065454,0.9735449735449735,0.9801860364732317,1.9915326725586446,0.3803197677951293,0.36767813419578294,0.3333333333333333,0.0,1.0,1.323782240668511,-0.02098304726997402,1.4147989585456227,1.7412802906796112,-0.06392672617288986,-0.4174980500111003
SPY,raw_fallback,BEAR,9,2014-10-13 00:00:00,2014-10-23 00:00:00,0.8177777777777778,0.4422222222222222,0.8,0.8196653246879578,0.7724078356448733,,,,0.7029500334802498,0.10754188866328697,1.0,0.0,0.0,1.5093414530283331,-0.005710251261369592,1.5319530763256544,2.436309717901265,-0.0071108645123793,-0.926968264872932
SPY,raw_fallback,BULL,490,2013-01-02 00:00:00,2014-12-31 00:00:00,0.8156734693877552,0.8135918367346938,0.8234285714285715,0.2546526883177611,0.25608034840405675,,,,0.1292337034307475,0.3833861175731209,0.04081632653061224,0.026530612244897958,0.0,0.13714626174192723,-0.05079241567407078,0.1409408821258633,0.1863444598963495,-0.05696052923334782,-0.04919819815442228
SPY,raw_fallback,NEUTRAL,5,2014-02-03 00:00:00,2014-12-16 00:00:00,0.828,0.6,0.784,0.7600617676973342,0.5874827910064745,,,,0.44911723889011795,0.2262539302091854,0.6,0.4,0.0,-0.4973166030773073,-0.030365986448546045,-0.4973166030773073,-0.45041238457918953,-0.03593409817035553,-0.04690421849811777
