segment_start,segment_end,rows,segment_return,avg_turnover,param_up_trigger,param_strong_up_trigger,param_max_up_bonus,param_full_stock_up_trigger,param_full_stock_high_vol_max,param_no_trade_band
2013-01-02 00:00:00,2013-01-08 00:00:00,5,0.004097323783421647,0.08785971199809549,0.35,0.55,0.18,0.7,0.35,0.12
2013-01-09 00:00:00,2013-01-15 00:00:00,5,0.0013191345526635256,0.024140288001904507,0.35,0.55,0.18,0.7,0.35,0.12
2013-01-16 00:00:00,2013-01-23 00:00:00,5,-0.003272528346043968,0.0,0.35,0.55,0.18,0.7,0.35,0.12
2013-01-24 00:00:00,2013-01-30 00:00:00,5,0.0098509636004811,0.0,0.35,0.55,0.18,0.7,0.35,0.12
2013-01-31 00:00:00,2013-02-06 00:00:00,5,0.004876930556639847,0.0,0.35,0.55,0.18,0.7,0.35,0.12
2013-02-07 00:00:00,2013-02-13 00:00:00,5,-0.003529770096789453,0.0,0.35,0.55,0.18,0.7,0.35,0.12
2013-02-14 00:00:00,2013-02-21 00:00:00,5,-0.02125489891231158,0.0,0.35,0.55,0.18,0.7,0.35,0.12
2013-02-22 00:00:00,2013-02-28 00:00:00,5,0.019027216175141914,0.03582891872471081,0.35,0.55,0.18,0.7,0.35,0.12
2013-03-01 00:00:00,2013-03-07 00:00:00,5,0.016918677739064414,0.02429721597221799,0.35,0.55,0.18,0.7,0.35,0.12
2013-03-08 00:00:00,2013-03-14 00:00:00,5,-0.006196792416423791,0.0,0.35,0.55,0.18,0.7,0.35,0.12
2013-03-15 00:00:00,2013-03-21 00:00:00,5,-0.00022241171202597165,0.0,0.35,0.55,0.18,0.7,0.35,0.12
2013-03-22 00:00:00,2013-03-28 00:00:00,5,0.010029573245194046,0.0,0.35,0.55,0.18,0.7,0.35,0.12
2013-04-01 00:00:00,2013-04-05 00:00:00,5,-0.0049018715616853115,0.0,0.35,0.55,0.18,0.7,0.35,0.12
2013-04-08 00:00:00,2013-04-12 00:00:00,5,0.011221319410380515,0.0,0.35,0.55,0.18,0.7,0.35,0.12
2013-04-15 00:00:00,2013-04-19 00:00:00,5,-0.00341232232148303,0.058609447819699324,0.35,0.55,0.18,0.7,0.35,0.12
2013-04-22 00:00:00,2013-04-26 00:00:00,5,0.014175885366976892,0.02460082430688537,0.35,0.55,0.18,0.7,0.35,0.12
2013-04-29 00:00:00,2013-05-03 00:00:00,5,0.01644810144897968,0.0,0.35,0.55,0.18,0.7,0.35,0.12
2013-05-06 00:00:00,2013-05-10 00:00:00,5,0.010602660440411915,0.0,0.35,0.55,0.18,0.7,0.35,0.12
2013-05-13 00:00:00,2013-05-17 00:00:00,5,0.008533435926086463,0.050536957624574,0.35,0.55,0.18,0.7,0.35,0.12
2013-05-20 00:00:00,2013-05-24 00:00:00,5,-0.010319444804701594,0.02427960095300539,0.35,0.55,0.18,0.7,0.35,0.12
2013-05-28 00:00:00,2013-06-03 00:00:00,5,-0.019219274685569276,0.0,0.35,0.55,0.18,0.7,0.35,0.12
2013-06-04 00:00:00,2013-06-10 00:00:00,5,-0.002984176151944684,0.0,0.35,0.55,0.18,0.7,0.35,0.12
2013-06-11 00:00:00,2013-06-17 00:00:00,5,0.010553167801090169,0.024877490647625188,0.35,0.55,0.18,0.7,0.35,0.12
2013-06-18 00:00:00,2013-06-24 00:00:00,5,-0.022067464386381963,0.036018536698451786,0.35,0.55,0.18,0.7,0.35,0.12
2013-06-25 00:00:00,2013-07-01 00:00:00,5,0.013678835379762999,0.028247267412045706,0.35,0.55,0.18,0.7,0.35,0.12
2013-07-02 00:00:00,2013-07-09 00:00:00,5,0.03511107580252748,0.0,0.35,0.55,0.18,0.7,0.35,0.12
2013-07-10 00:00:00,2013-07-16 00:00:00,5,0.004864466880340146,0.0,0.35,0.55,0.18,0.7,0.35,0.12
2013-07-17 00:00:00,2013-07-23 00:00:00,5,-0.004693275697432608,0.0,0.35,0.55,0.18,0.7,0.35,0.12
2013-07-24 00:00:00,2013-07-30 00:00:00,5,0.017345206499583155,0.0,0.35,0.55,0.18,0.7,0.35,0.12
2013-07-31 00:00:00,2013-08-06 00:00:00,5,0.0038761062761023535,0.0,0.35,0.55,0.18,0.7,0.35,0.12
2013-08-07 00:00:00,2013-08-13 00:00:00,5,-0.017067002538571296,0.025157330834383717,0.35,0.55,0.18,0.7,0.35,0.12
2013-08-14 00:00:00,2013-08-20 00:00:00,5,0.007588495913122273,0.0,0.35,0.55,0.18,0.7,0.35,0.12
2013-08-21 00:00:00,2013-08-27 00:00:00,5,-0.0019651048025224327,0.0,0.35,0.55,0.18,0.7,0.35,0.12
2013-08-28 00:00:00,2013-09-04 00:00:00,5,0.011337556229240375,0.0,0.35,0.55,0.18,0.7,0.35,0.12
2013-09-05 00:00:00,2013-09-11 00:00:00,5,0.013853831481084988,0.0,0.35,0.55,0.18,0.7,0.35,0.12
2013-09-12 00:00:00,2013-09-18 00:00:00,5,0.014555271866887542,0.0,0.35,0.55,0.18,0.7,0.35,0.12
2013-09-19 00:00:00,2013-09-25 00:00:00,5,0.0015644613729197676,0.02533942178647517,0.35,0.55,0.18,0.7,0.35,0.12
2013-09-26 00:00:00,2013-10-02 00:00:00,5,0.003361495502763212,0.024755243655525394,0.35,0.55,0.18,0.7,0.35,0.12
2013-10-03 00:00:00,2013-10-09 00:00:00,5,-0.002068133807068273,0.0,0.35,0.55,0.18,0.7,0.35,0.12
2013-10-10 00:00:00,2013-10-16 00:00:00,5,0.034607386140412144,0.0,0.35,0.55,0.18,0.7,0.35,0.12
2013-10-17 00:00:00,2013-10-23 00:00:00,5,0.008418334920945236,0.02624381696718725,0.35,0.55,0.18,0.7,0.35,0.12
2013-10-24 00:00:00,2013-10-30 00:00:00,5,-0.001735857677049757,0.0,0.35,0.55,0.18,0.7,0.35,0.12
2013-10-31 00:00:00,2013-11-06 00:00:00,5,-0.0034828202966599164,0.0,0.35,0.55,0.18,0.7,0.35,0.12
2013-11-07 00:00:00,2013-11-13 00:00:00,5,0.015468183637587174,0.0,0.35,0.55,0.18,0.7,0.35,0.12
2013-11-14 00:00:00,2013-11-20 00:00:00,5,0.00015122586219562528,0.0,0.35,0.55,0.18,0.7,0.35,0.12
2013-11-21 00:00:00,2013-11-27 00:00:00,5,0.015211730691843783,0.02417595057159754,0.35,0.55,0.18,0.7,0.35,0.12
2013-11-29 00:00:00,2013-12-05 00:00:00,5,0.00926125728588012,0.0,0.35,0.55,0.18,0.7,0.35,0.12
2013-12-06 00:00:00,2013-12-12 00:00:00,5,-0.011112880336632713,0.0,0.35,0.55,0.18,0.7,0.35,0.12
2013-12-13 00:00:00,2013-12-19 00:00:00,5,0.02540935405445044,0.0,0.35,0.55,0.18,0.7,0.35,0.12
2013-12-20 00:00:00,2013-12-27 00:00:00,5,0.005463930004453443,0.0,0.35,0.55,0.18,0.7,0.35,0.12
2013-12-30 00:00:00,2014-01-06 00:00:00,5,-0.00668361791983807,0.0,0.35,0.55,0.18,0.7,0.35,0.12
2014-01-07 00:00:00,2014-01-13 00:00:00,5,0.012373988572740968,0.024049967371267345,0.35,0.55,0.18,0.7,0.35,0.12
2014-01-14 00:00:00,2014-01-21 00:00:00,5,0.0013064932279318597,0.0,0.35,0.55,0.18,0.7,0.35,0.12
2014-01-22 00:00:00,2014-01-28 00:00:00,5,-0.02248936866029938,0.030757125028749766,0.35,0.55,0.18,0.7,0.35,0.12
2014-01-29 00:00:00,2014-02-04 00:00:00,5,-0.007012680913689562,0.031279899793475785,0.35,0.55,0.18,0.7,0.35,0.12
2014-02-05 00:00:00,2014-02-11 00:00:00,5,0.037382260328518546,0.0,0.5,0.7,0.03,0.85,0.15,0.16
2014-02-12 00:00:00,2014-02-19 00:00:00,5,0.002770151494779771,0.0,0.5,0.7,0.03,0.85,0.15,0.16
2014-02-20 00:00:00,2014-02-26 00:00:00,5,0.0078799475196496,0.0,0.5,0.7,0.03,0.85,0.15,0.16
2014-02-27 00:00:00,2014-03-05 00:00:00,5,0.0006185406334857646,0.0,0.5,0.7,0.03,0.85,0.15,0.16
2014-03-06 00:00:00,2014-03-12 00:00:00,5,-0.015748463344115393,0.0,0.5,0.7,0.03,0.85,0.15,0.16
2014-03-13 00:00:00,2014-03-19 00:00:00,5,0.004055748895489764,0.0,0.5,0.7,0.03,0.85,0.15,0.16
2014-03-20 00:00:00,2014-03-26 00:00:00,5,-0.01804039484229991,0.0,0.5,0.7,0.03,0.85,0.15,0.16
2014-03-27 00:00:00,2014-04-02 00:00:00,5,-0.0063288033898694085,0.0,0.5,0.7,0.03,0.85,0.15,0.16
2014-04-03 00:00:00,2014-04-09 00:00:00,5,-0.01750496811098956,0.04011838324061325,0.5,0.7,0.03,0.85,0.15,0.16
2014-04-10 00:00:00,2014-04-16 00:00:00,5,0.011343723457815535,0.10961296304177162,0.5,0.7,0.03,0.85,0.15,0.16
2014-04-17 00:00:00,2014-04-24 00:00:00,5,-0.0012462846903957825,0.0,0.5,0.7,0.03,0.85,0.15,0.16
2014-04-25 00:00:00,2014-05-01 00:00:00,5,0.010373275236139623,0.0,0.5,0.7,0.03,0.85,0.15,0.16
2014-05-02 00:00:00,2014-05-08 00:00:00,5,0.0014834910676417845,0.03903028859094376,0.5,0.7,0.03,0.85,0.15,0.16
2014-05-09 00:00:00,2014-05-15 00:00:00,5,0.003478474422214939,0.04806077620133385,0.5,0.7,0.03,0.85,0.15,0.16
2014-05-16 00:00:00,2014-05-22 00:00:00,5,0.014002031791732872,0.0,0.5,0.7,0.03,0.85,0.15,0.16
2014-05-23 00:00:00,2014-05-30 00:00:00,5,-0.0005794234988220071,0.08247651425837788,0.5,0.7,0.03,0.85,0.15,0.16
2014-06-02 00:00:00,2014-06-06 00:00:00,5,0.014175225093583821,0.05936284673167776,0.5,0.7,0.03,0.85,0.15,0.16
2014-06-09 00:00:00,2014-06-13 00:00:00,5,-0.004023410976588537,0.0,0.5,0.7,0.03,0.85,0.15,0.16
2014-06-16 00:00:00,2014-06-20 00:00:00,5,0.005281124549061378,0.0,0.5,0.7,0.03,0.85,0.15,0.16
2014-06-23 00:00:00,2014-06-27 00:00:00,5,0.01915348780610393,0.0,0.5,0.7,0.03,0.85,0.15,0.16
2014-06-30 00:00:00,2014-07-07 00:00:00,5,0.0003302171130046272,0.0,0.5,0.7,0.03,0.85,0.15,0.16
2014-07-08 00:00:00,2014-07-14 00:00:00,5,0.008012199218899951,0.0,0.5,0.7,0.03,0.85,0.15,0.16
2014-07-15 00:00:00,2014-07-21 00:00:00,5,0.012454765317650107,0.0326485570290191,0.5,0.7,0.03,0.85,0.15,0.16
2014-07-22 00:00:00,2014-07-28 00:00:00,5,-0.0028250387847487124,0.0,0.5,0.7,0.03,0.85,0.15,0.12
2014-07-29 00:00:00,2014-08-04 00:00:00,5,-0.02143730683643108,0.0,0.5,0.7,0.03,0.85,0.15,0.12
2014-08-05 00:00:00,2014-08-11 00:00:00,5,0.017995930071619037,0.0,0.5,0.7,0.03,0.85,0.15,0.12
2014-08-12 00:00:00,2014-08-18 00:00:00,5,0.020329214692114794,0.0,0.5,0.7,0.03,0.85,0.15,0.12
2014-08-19 00:00:00,2014-08-25 00:00:00,5,0.007693667026661188,0.0,0.5,0.7,0.03,0.85,0.15,0.12
2014-08-26 00:00:00,2014-09-02 00:00:00,5,-0.0017304324807613236,0.0,0.5,0.7,0.03,0.85,0.15,0.12
2014-09-03 00:00:00,2014-09-09 00:00:00,5,0.004668507561269131,0.0,0.5,0.7,0.03,0.85,0.15,0.12
2014-09-10 00:00:00,2014-09-16 00:00:00,5,0.0020829849073253914,0.0,0.5,0.7,0.03,0.85,0.15,0.12
2014-09-17 00:00:00,2014-09-23 00:00:00,5,-0.01913894129828375,0.0,0.5,0.7,0.03,0.85,0.15,0.12
2014-09-24 00:00:00,2014-09-30 00:00:00,5,-0.004205020024253714,0.0,0.5,0.7,0.03,0.85,0.15,0.12
2014-10-01 00:00:00,2014-10-07 00:00:00,5,-0.0023216102427152663,0.0,0.5,0.7,0.03,0.85,0.15,0.12
2014-10-08 00:00:00,2014-10-14 00:00:00,5,-0.04444673128093923,0.0,0.5,0.7,0.03,0.85,0.15,0.12
2014-10-15 00:00:00,2014-10-21 00:00:00,5,0.02426907913095344,0.1725020468011694,0.5,0.7,0.03,0.85,0.15,0.12
2014-10-22 00:00:00,2014-10-28 00:00:00,5,0.008780443261234838,0.0,0.5,0.7,0.03,0.85,0.15,0.12
2014-10-29 00:00:00,2014-11-04 00:00:00,5,0.010941550520651377,0.12088199497497124,0.5,0.7,0.03,0.85,0.15,0.12
2014-11-05 00:00:00,2014-11-11 00:00:00,5,0.009402288142863924,0.0,0.5,0.7,0.03,0.85,0.15,0.12
2014-11-12 00:00:00,2014-11-18 00:00:00,5,0.006182656318983515,0.03703991559445994,0.5,0.7,0.03,0.85,0.15,0.12
2014-11-19 00:00:00,2014-11-25 00:00:00,5,0.020018738721148344,0.0,0.5,0.7,0.03,0.85,0.15,0.12
2014-11-26 00:00:00,2014-12-03 00:00:00,5,-0.005870744808535888,0.0,0.5,0.7,0.03,0.85,0.15,0.12
2014-12-04 00:00:00,2014-12-10 00:00:00,5,-0.019490273990779183,0.0,0.5,0.7,0.03,0.85,0.15,0.12
2014-12-11 00:00:00,2014-12-17 00:00:00,5,0.01577549477031437,0.0,0.5,0.7,0.03,0.85,0.15,0.12
2014-12-18 00:00:00,2014-12-24 00:00:00,5,0.005277495632150853,0.0,0.5,0.7,0.03,0.85,0.15,0.12
2014-12-26 00:00:00,2015-01-02 00:00:00,5,-0.03724086867231735,0.0,0.5,0.7,0.03,0.85,0.15,0.12
2015-01-05 00:00:00,2015-01-09 00:00:00,5,0.012674999500625228,0.0,0.5,0.7,0.03,0.85,0.15,0.12
2015-01-12 00:00:00,2015-01-16 00:00:00,5,0.003999496276396064,0.036395998442340496,0.5,0.7,0.03,0.85,0.15,0.12
2015-01-20 00:00:00,2015-01-26 00:00:00,5,-0.010303842425335663,0.03433713219604471,0.5,0.7,0.03,0.85,0.15,0.12
2015-01-27 00:00:00,2015-02-02 00:00:00,5,0.01402411446106,0.02865583657965174,0.5,0.7,0.03,0.85,0.15,0.12
2015-02-03 00:00:00,2015-02-09 00:00:00,5,0.01109828752577946,0.0,0.5,0.7,0.03,0.85,0.15,0.12
2015-02-10 00:00:00,2015-02-17 00:00:00,5,0.01970582009838928,0.0,0.5,0.7,0.03,0.85,0.15,0.12
2015-02-18 00:00:00,2015-02-24 00:00:00,5,0.009656461416936768,0.030832193644277296,0.5,0.7,0.03,0.85,0.15,0.12
2015-02-25 00:00:00,2015-03-03 00:00:00,5,-0.0023212657725272257,0.0,0.5,0.7,0.03,0.85,0.15,0.12
2015-03-04 00:00:00,2015-03-10 00:00:00,5,-0.02165604470285054,0.0,0.5,0.7,0.03,0.85,0.15,0.12
2015-03-11 00:00:00,2015-03-17 00:00:00,5,0.019131681487793095,0.0,0.5,0.7,0.03,0.85,0.15,0.12
2015-03-18 00:00:00,2015-03-24 00:00:00,5,-0.021297201870505766,0.0,0.5,0.7,0.03,0.85,0.15,0.12
2015-03-25 00:00:00,2015-03-31 00:00:00,5,0.0010840796486977222,0.0,0.5,0.7,0.03,0.85,0.15,0.12
2015-04-01 00:00:00,2015-04-08 00:00:00,5,0.02046646728601531,0.0,0.5,0.7,0.03,0.85,0.15,0.12
2015-04-09 00:00:00,2015-04-15 00:00:00,5,-0.012568914508789275,0.0,0.5,0.7,0.03,0.85,0.15,0.12
2015-04-16 00:00:00,2015-04-22 00:00:00,5,0.035147427110439944,0.0,0.5,0.7,0.03,0.85,0.15,0.12
2015-04-23 00:00:00,2015-04-29 00:00:00,5,-0.01288152331520509,0.0,0.5,0.7,0.03,0.85,0.15,0.12
2015-04-30 00:00:00,2015-05-06 00:00:00,5,-0.00409588524544624,0.045099121282577405,0.5,0.7,0.03,0.85,0.15,0.12
2015-05-07 00:00:00,2015-05-13 00:00:00,5,0.005913677251471849,0.0,0.5,0.7,0.03,0.85,0.15,0.12
2015-05-14 00:00:00,2015-05-20 00:00:00,5,0.004768641667540985,0.033598264077002817,0.5,0.7,0.03,0.85,0.15,0.12
2015-05-21 00:00:00,2015-05-28 00:00:00,5,1.4215441568987686e-05,0.0,0.5,0.7,0.03,0.85,0.15,0.12
2015-05-29 00:00:00,2015-06-04 00:00:00,5,-0.01832441643810767,0.0,0.5,0.7,0.03,0.85,0.15,0.12
2015-06-05 00:00:00,2015-06-11 00:00:00,5,-0.0005131412653071044,0.025573067958541928,0.5,0.7,0.03,0.85,0.15,0.12
2015-06-12 00:00:00,2015-06-18 00:00:00,5,0.0220454226964526,0.0,0.5,0.7,0.03,0.85,0.15,0.12
2015-06-19 00:00:00,2015-06-25 00:00:00,5,-0.031116429033865134,0.0,0.5,0.7,0.03,0.85,0.15,0.12
2015-06-26 00:00:00,2015-07-02 00:00:00,5,0.010532451677267796,0.025500307421204172,0.5,0.7,0.03,0.85,0.15,0.12
2015-07-06 00:00:00,2015-07-10 00:00:00,5,0.015911987487154722,0.0,0.5,0.7,0.03,0.85,0.15,0.12
2015-07-13 00:00:00,2015-07-17 00:00:00,5,0.028942358110394473,0.024188702595733337,0.5,0.7,0.03,0.85,0.15,0.12
2015-07-20 00:00:00,2015-07-24 00:00:00,5,-0.020545103442823676,0.0,0.5,0.7,0.03,0.85,0.15,0.12
2015-07-27 00:00:00,2015-07-31 00:00:00,5,0.002331365202734581,0.0,0.5,0.7,0.03,0.85,0.15,0.12
2015-08-03 00:00:00,2015-08-07 00:00:00,5,-0.009133441432169653,0.0,0.5,0.7,0.03,0.85,0.15,0.12
2015-08-10 00:00:00,2015-08-14 00:00:00,5,0.005316860664989598,0.0,0.5,0.7,0.03,0.85,0.15,0.12
2015-08-17 00:00:00,2015-08-21 00:00:00,5,-0.0994714653723815,0.0,0.5,0.7,0.03,0.85,0.15,0.12
2015-08-24 00:00:00,2015-08-28 00:00:00,5,0.01658030758318385,0.11203086872790324,0.5,0.7,0.03,0.85,0.15,0.12
2015-08-31 00:00:00,2015-09-04 00:00:00,5,0.018329207691255567,0.034020188536319475,0.5,0.7,0.03,0.85,0.15,0.12
2015-09-08 00:00:00,2015-09-14 00:00:00,5,0.019256182204357097,0.0,0.5,0.7,0.03,0.85,0.15,0.12
2015-09-15 00:00:00,2015-09-21 00:00:00,5,-0.016892530544807216,0.031005088947407965,0.5,0.7,0.03,0.85,0.15,0.12
2015-09-22 00:00:00,2015-09-28 00:00:00,5,-0.015930291786030448,0.0,0.5,0.7,0.03,0.85,0.15,0.12
2015-09-29 00:00:00,2015-10-05 00:00:00,5,0.02379120809631896,0.04434501862611988,0.5,0.7,0.03,0.85,0.15,0.12
2015-10-06 00:00:00,2015-10-12 00:00:00,5,0.003235216791342088,0.03889341836619344,0.5,0.7,0.03,0.85,0.15,0.12
2015-10-13 00:00:00,2015-10-19 00:00:00,5,0.010216519223852139,0.0,0.5,0.7,0.03,0.85,0.15,0.12
2015-10-20 00:00:00,2015-10-26 00:00:00,5,0.049446710325218524,0.039591433813773766,0.5,0.7,0.03,0.85,0.15,0.12
2015-10-27 00:00:00,2015-11-02 00:00:00,5,0.006140517520019095,0.0,0.5,0.7,0.03,0.85,0.15,0.12
2015-11-03 00:00:00,2015-11-09 00:00:00,5,-0.01443778649009586,0.0,0.5,0.7,0.03,0.85,0.15,0.12
2015-11-10 00:00:00,2015-11-16 00:00:00,5,0.004210157683329774,0.0,0.5,0.7,0.03,0.85,0.15,0.12
2015-11-17 00:00:00,2015-11-23 00:00:00,5,0.004216656762772386,0.0,0.5,0.7,0.03,0.85,0.15,0.12
2015-11-24 00:00:00,2015-12-01 00:00:00,5,-0.012667272500790694,0.0,0.5,0.7,0.03,0.85,0.15,0.12
2015-12-02 00:00:00,2015-12-08 00:00:00,5,0.007370003883384824,0.0,0.5,0.7,0.03,0.85,0.15,0.12
2015-12-09 00:00:00,2015-12-15 00:00:00,5,-0.007874802206528808,0.0,0.5,0.7,0.03,0.85,0.15,0.12
2015-12-16 00:00:00,2015-12-22 00:00:00,5,0.004701565772204264,0.0,0.5,0.7,0.03,0.85,0.15,0.12
2015-12-23 00:00:00,2015-12-30 00:00:00,5,-0.02275446631621869,0.0,0.5,0.7,0.03,0.85,0.15,0.12
2015-12-31 00:00:00,2016-01-07 00:00:00,5,-0.03573961843544737,0.024135453887103208,0.5,0.7,0.03,0.85,0.15,0.12
2016-01-08 00:00:00,2016-01-14 00:00:00,5,-0.014233565099473044,0.09323644677441974,0.5,0.7,0.03,0.85,0.15,0.12
2016-01-15 00:00:00,2016-01-22 00:00:00,5,0.009936239708821404,0.05167039569028424,0.5,0.7,0.03,0.85,0.15,0.12
2016-01-25 00:00:00,2016-01-29 00:00:00,5,0.0008773217907762643,0.0,0.5,0.7,0.03,0.85,0.15,0.12
2016-02-01 00:00:00,2016-02-05 00:00:00,5,-0.024168073068762896,0.02710553436660227,0.5,0.7,0.03,0.85,0.15,0.12
2016-02-08 00:00:00,2016-02-12 00:00:00,5,0.013150281218122783,0.09561536273368468,0.5,0.7,0.03,0.85,0.15,0.12
2016-02-16 00:00:00,2016-02-22 00:00:00,5,0.003078017482632367,0.002108671781103999,0.5,0.7,0.03,0.85,0.15,0.12
2016-02-23 00:00:00,2016-02-29 00:00:00,5,0.0025362486436912857,0.0,0.5,0.7,0.03,0.85,0.15,0.12
2016-03-01 00:00:00,2016-03-07 00:00:00,5,-0.0054532118761662085,0.08448669803651106,0.5,0.7,0.03,0.85,0.15,0.12
2016-03-08 00:00:00,2016-03-14 00:00:00,5,0.009420056078893513,0.02821050604418538,0.5,0.7,0.03,0.85,0.15,0.12
2016-03-15 00:00:00,2016-03-21 00:00:00,5,0.0003413230412201429,0.05542457018626812,0.5,0.7,0.03,0.85,0.15,0.12
2016-03-22 00:00:00,2016-03-29 00:00:00,5,0.014269518378335677,0.07116908412883047,0.5,0.7,0.03,0.85,0.15,0.12
2016-03-30 00:00:00,2016-04-05 00:00:00,5,0.00039689036792101007,0.02481854530206897,0.5,0.7,0.03,0.85,0.15,0.12
2016-04-06 00:00:00,2016-04-12 00:00:00,5,0.013195905957849696,0.034092980346340694,0.5,0.7,0.03,0.85,0.15,0.12
2016-04-13 00:00:00,2016-04-19 00:00:00,5,-0.0027143156800657486,0.0,0.5,0.7,0.03,0.85,0.15,0.12
2016-04-20 00:00:00,2016-04-26 00:00:00,5,-0.03268240763837005,0.0,0.5,0.7,0.03,0.85,0.15,0.12
2016-04-27 00:00:00,2016-05-03 00:00:00,5,-0.00916995875151938,0.0,0.5,0.7,0.03,0.85,0.15,0.12
2016-05-04 00:00:00,2016-05-10 00:00:00,5,0.005695202097654839,0.03707289936571425,0.5,0.7,0.03,0.85,0.15,0.12
2016-05-11 00:00:00,2016-05-17 00:00:00,5,-0.005397734631331419,0.0,0.5,0.7,0.03,0.85,0.15,0.12
2016-05-18 00:00:00,2016-05-24 00:00:00,5,0.030397700253167015,0.0,0.5,0.7,0.03,0.85,0.15,0.12
2016-05-25 00:00:00,2016-06-01 00:00:00,5,0.0048347184248891395,0.03870094480035582,0.5,0.7,0.03,0.85,0.15,0.12
2016-06-02 00:00:00,2016-06-08 00:00:00,5,-0.008059784969625339,0.0,0.5,0.7,0.03,0.85,0.15,0.12
2016-06-09 00:00:00,2016-06-15 00:00:00,5,-0.01651450925570319,0.0,0.5,0.7,0.03,0.85,0.15,0.12
2016-06-16 00:00:00,2016-06-22 00:00:00,5,-0.016782185397849925,0.0,0.5,0.7,0.03,0.85,0.15,0.12
2016-06-23 00:00:00,2016-06-29 00:00:00,5,0.03163152867406405,0.0,0.5,0.7,0.03,0.85,0.15,0.12
2016-06-30 00:00:00,2016-07-07 00:00:00,5,0.019680396147722545,0.03757318409218979,0.5,0.7,0.03,0.85,0.15,0.12
2016-07-08 00:00:00,2016-07-14 00:00:00,5,0.00892023231882666,0.0,0.5,0.7,0.03,0.85,0.15,0.12
2016-07-15 00:00:00,2016-07-21 00:00:00,5,0.008390906384859731,0.04104309377206912,0.5,0.7,0.03,0.85,0.15,0.12
2016-07-22 00:00:00,2016-07-28 00:00:00,5,0.01686950416155164,0.0,0.5,0.7,0.03,0.85,0.15,0.12
2016-07-29 00:00:00,2016-08-04 00:00:00,5,0.005353210644660544,0.0,0.5,0.7,0.03,0.85,0.15,0.12
2016-08-05 00:00:00,2016-08-11 00:00:00,5,0.00786271713147868,0.0,0.5,0.7,0.03,0.85,0.15,0.12
2016-08-12 00:00:00,2016-08-18 00:00:00,5,-0.0024770305503519774,0.0,0.5,0.7,0.03,0.85,0.15,0.12
2016-08-19 00:00:00,2016-08-25 00:00:00,5,-0.003129900468185176,0.0,0.5,0.7,0.03,0.85,0.15,0.12
2016-08-26 00:00:00,2016-09-01 00:00:00,5,0.006863208726787029,0.0,0.5,0.7,0.03,0.85,0.15,0.12
2016-09-02 00:00:00,2016-09-09 00:00:00,5,-0.019604702406820107,0.0,0.5,0.7,0.03,0.85,0.15,0.12
2016-09-12 00:00:00,2016-09-16 00:00:00,5,0.015117638963591862,0.0,0.5,0.7,0.03,0.85,0.15,0.12
2016-09-19 00:00:00,2016-09-23 00:00:00,5,0.011859556730539511,0.0,0.5,0.7,0.03,0.85,0.15,0.12
2016-09-26 00:00:00,2016-09-30 00:00:00,5,-0.0018067644298004337,0.0,0.5,0.7,0.03,0.85,0.15,0.12
2016-10-03 00:00:00,2016-10-07 00:00:00,5,-0.0066623498295741435,0.0,0.5,0.7,0.03,0.85,0.15,0.12
2016-10-10 00:00:00,2016-10-14 00:00:00,5,0.00277624538022736,0.0,0.5,0.7,0.03,0.85,0.15,0.12
2016-10-17 00:00:00,2016-10-21 00:00:00,5,0.009516306096245764,0.0,0.5,0.7,0.03,0.85,0.15,0.12
2016-10-24 00:00:00,2016-10-28 00:00:00,5,-0.022443427258145965,0.0,0.5,0.7,0.03,0.85,0.15,0.12
2016-10-31 00:00:00,2016-11-04 00:00:00,5,0.005409377645033908,0.03222762530339107,0.5,0.7,0.03,0.85,0.15,0.12
2016-11-07 00:00:00,2016-11-11 00:00:00,5,-0.009605187562007678,0.03126751202920421,0.5,0.7,0.03,0.85,0.15,0.12
2016-11-14 00:00:00,2016-11-18 00:00:00,5,0.016381747094733168,0.09990321875863262,0.5,0.7,0.03,0.85,0.15,0.12
2016-11-21 00:00:00,2016-11-28 00:00:00,5,-0.010458660513910978,0.0,0.5,0.7,0.03,0.85,0.15,0.12
2016-11-29 00:00:00,2016-12-05 00:00:00,5,0.006611196925205176,0.0,0.5,0.7,0.03,0.85,0.15,0.12
2016-12-06 00:00:00,2016-12-12 00:00:00,5,0.011370362373097631,0.0,0.5,0.7,0.03,0.85,0.15,0.12
2016-12-13 00:00:00,2016-12-19 00:00:00,5,0.004507364251993495,0.0,0.5,0.7,0.03,0.85,0.15,0.12
2016-12-20 00:00:00,2016-12-27 00:00:00,5,-0.004599618356451285,0.0,0.5,0.7,0.03,0.85,0.15,0.12
2016-12-28 00:00:00,2017-01-04 00:00:00,5,0.01615271714753863,0.0,0.5,0.7,0.03,0.85,0.15,0.12
2017-01-05 00:00:00,2017-01-11 00:00:00,5,0.008760645009053158,0.0,0.5,0.7,0.03,0.85,0.15,0.12
2017-01-12 00:00:00,2017-01-19 00:00:00,5,0.001270650320138067,0.0,0.5,0.7,0.03,0.85,0.15,0.12
2017-01-20 00:00:00,2017-01-26 00:00:00,5,0.009352585560304938,0.0,0.5,0.7,0.03,0.85,0.15,0.12
2017-01-27 00:00:00,2017-02-02 00:00:00,5,0.007577332826420591,0.0,0.5,0.7,0.03,0.85,0.15,0.12
2017-02-03 00:00:00,2017-02-09 00:00:00,5,0.014868581313433937,0.0,0.5,0.7,0.03,0.85,0.15,0.12
2017-02-10 00:00:00,2017-02-16 00:00:00,5,0.015449126605854069,0.0,0.5,0.7,0.03,0.85,0.15,0.12
2017-02-17 00:00:00,2017-02-24 00:00:00,5,-0.0022320094860462936,0.0,0.5,0.7,0.03,0.85,0.15,0.12
2017-02-27 00:00:00,2017-03-03 00:00:00,5,0.0020521985672834475,0.0,0.5,0.7,0.03,0.85,0.15,0.12
2017-03-06 00:00:00,2017-03-10 00:00:00,5,0.004440295424073204,0.0,0.5,0.7,0.03,0.85,0.15,0.12
2017-03-13 00:00:00,2017-03-17 00:00:00,5,-0.006200014496390183,0.0,0.5,0.7,0.03,0.85,0.15,0.12
2017-03-20 00:00:00,2017-03-24 00:00:00,5,0.01187232905788127,0.0,0.5,0.7,0.03,0.85,0.15,0.12
2017-03-27 00:00:00,2017-03-31 00:00:00,5,0.006115723260968098,0.0,0.5,0.7,0.03,0.85,0.15,0.12
2017-04-03 00:00:00,2017-04-07 00:00:00,5,-0.0062168564522721015,0.0,0.5,0.7,0.03,0.85,0.15,0.12
2017-04-10 00:00:00,2017-04-17 00:00:00,5,0.0010772651458674787,0.0,0.5,0.7,0.03,0.85,0.15,0.12
2017-04-18 00:00:00,2017-04-24 00:00:00,5,0.02131486700496299,0.0,0.5,0.7,0.03,0.85,0.15,0.12
2017-04-25 00:00:00,2017-05-01 00:00:00,5,0.012686257311531612,0.0,0.5,0.7,0.03,0.85,0.15,0.12
2017-05-02 00:00:00,2017-05-08 00:00:00,5,0.008019411998227755,0.0,0.5,0.7,0.03,0.85,0.15,0.12
2017-05-09 00:00:00,2017-05-15 00:00:00,5,-0.012568825002904349,0.0,0.5,0.7,0.03,0.85,0.15,0.12
2017-05-16 00:00:00,2017-05-22 00:00:00,5,0.02258732979911704,0.0,0.5,0.7,0.03,0.85,0.15,0.12
2017-05-23 00:00:00,2017-05-30 00:00:00,5,0.012766922168136796,0.0,0.5,0.7,0.03,0.85,0.15,0.12
2017-05-31 00:00:00,2017-06-06 00:00:00,5,0.010490127620894185,0.0,0.5,0.7,0.03,0.85,0.15,0.12
2017-06-07 00:00:00,2017-06-13 00:00:00,5,-0.025685315490541538,0.0,0.5,0.7,0.03,0.85,0.15,0.12
2017-06-14 00:00:00,2017-06-20 00:00:00,5,0.011958959045228035,0.0,0.5,0.7,0.03,0.85,0.15,0.12
2017-06-21 00:00:00,2017-06-27 00:00:00,5,-0.019413324593440806,0.0,0.5,0.7,0.03,0.85,0.15,0.12
2017-06-28 00:00:00,2017-07-05 00:00:00,5,-0.0003424735697324932,0.02923362968962273,0.5,0.7,0.03,0.85,0.15,0.12
2017-07-06 00:00:00,2017-07-12 00:00:00,5,0.022391889676855348,0.10412872909538526,0.5,0.7,0.03,0.85,0.15,0.12
2017-07-13 00:00:00,2017-07-19 00:00:00,5,0.01205250245080558,0.0,0.5,0.7,0.03,0.85,0.15,0.12
2017-07-20 00:00:00,2017-07-26 00:00:00,5,-0.0018664436104579574,0.0,0.5,0.7,0.03,0.85,0.15,0.12
2017-07-27 00:00:00,2017-08-02 00:00:00,5,-0.0009960569807252462,0.025115023564398698,0.5,0.7,0.06,0.85,0.15,0.12
2017-08-03 00:00:00,2017-08-09 00:00:00,5,-0.00870169581609892,0.0,0.5,0.7,0.06,0.85,0.15,0.12
2017-08-10 00:00:00,2017-08-16 00:00:00,5,-0.005210611088495187,0.0,0.5,0.7,0.06,0.85,0.15,0.12
2017-08-17 00:00:00,2017-08-23 00:00:00,5,0.003969890915919594,0.05438072730699286,0.5,0.7,0.06,0.85,0.15,0.12
2017-08-24 00:00:00,2017-08-30 00:00:00,5,0.02071478600796195,0.0,0.5,0.7,0.06,0.85,0.15,0.12
2017-08-31 00:00:00,2017-09-07 00:00:00,5,-0.0006313753655797782,0.03989347874789888,0.5,0.7,0.06,0.85,0.15,0.12
2017-09-08 00:00:00,2017-09-14 00:00:00,5,-0.0007906574755108808,0.0,0.5,0.7,0.06,0.85,0.15,0.12
2017-09-15 00:00:00,2017-09-21 00:00:00,5,-0.015491436055532048,0.0,0.5,0.7,0.06,0.85,0.15,0.12
2017-09-22 00:00:00,2017-09-28 00:00:00,5,0.01503037290129905,0.0,0.5,0.7,0.06,0.85,0.15,0.12
2017-09-29 00:00:00,2017-10-05 00:00:00,5,0.010779686032879932,0.0,0.5,0.7,0.06,0.85,0.15,0.12
2017-10-06 00:00:00,2017-10-12 00:00:00,5,0.008077952427859136,0.0,0.5,0.7,0.06,0.85,0.15,0.12
2017-10-13 00:00:00,2017-10-19 00:00:00,5,-0.006699776368931154,0.0,0.5,0.7,0.06,0.85,0.15,0.12
2017-10-20 00:00:00,2017-10-26 00:00:00,5,0.021508986853434164,0.0,0.5,0.7,0.06,0.85,0.15,0.12
2017-10-27 00:00:00,2017-11-02 00:00:00,5,0.01248686403814192,0.0,0.5,0.7,0.06,0.85,0.15,0.12
2017-11-03 00:00:00,2017-11-09 00:00:00,5,-0.0003478878007077135,0.0,0.5,0.7,0.06,0.85,0.15,0.12
2017-11-10 00:00:00,2017-11-16 00:00:00,5,7.175537178860658e-05,0.0,0.5,0.7,0.06,0.85,0.15,0.12
2017-11-17 00:00:00,2017-11-24 00:00:00,5,0.015138786805319437,0.024081284471629116,0.5,0.7,0.06,0.85,0.15,0.12
2017-11-27 00:00:00,2017-12-01 00:00:00,5,-0.021493636416583417,0.0,0.5,0.7,0.06,0.85,0.15,0.12
2017-12-04 00:00:00,2017-12-08 00:00:00,5,0.016483901800152134,0.0,0.55,0.7,0.06,0.85,0.15,0.12
2017-12-11 00:00:00,2017-12-15 00:00:00,5,0.013028319142163847,0.0,0.55,0.7,0.06,0.85,0.15,0.12
2017-12-18 00:00:00,2017-12-22 00:00:00,5,-0.006272055910490293,0.0,0.55,0.7,0.06,0.85,0.15,0.12
2017-12-26 00:00:00,2018-01-02 00:00:00,5,0.021091510194052754,0.0,0.55,0.7,0.06,0.85,0.15,0.12
2018-01-03 00:00:00,2018-01-09 00:00:00,5,0.015938063838690564,0.0,0.55,0.7,0.06,0.85,0.15,0.12
2018-01-10 00:00:00,2018-01-17 00:00:00,5,0.01587949597348981,0.0,0.55,0.7,0.06,0.85,0.15,0.12
2018-01-18 00:00:00,2018-01-24 00:00:00,5,0.02435901410308494,0.0,0.55,0.7,0.06,0.85,0.15,0.12
2018-01-25 00:00:00,2018-01-31 00:00:00,5,-0.033686272997707545,0.0,0.55,0.7,0.06,0.85,0.15,0.12
2018-02-01 00:00:00,2018-02-07 00:00:00,5,-0.04552526742443097,0.0,0.55,0.7,0.06,0.85,0.15,0.12
2018-02-08 00:00:00,2018-02-14 00:00:00,5,0.03266754318851106,0.11366484099222984,0.55,0.7,0.06,0.85,0.15,0.12
2018-02-15 00:00:00,2018-02-22 00:00:00,5,0.02469133043689875,0.059465554257399945,0.55,0.7,0.06,0.85,0.15,0.12
2018-02-23 00:00:00,2018-03-01 00:00:00,5,-0.01141255600503821,0.0,0.55,0.7,0.06,0.85,0.15,0.12
2018-03-02 00:00:00,2018-03-08 00:00:00,5,0.02814314804959972,0.0,0.55,0.7,0.06,0.85,0.15,0.12
2018-03-09 00:00:00,2018-03-15 00:00:00,5,-0.031901313228267836,0.031121416862558517,0.55,0.7,0.06,0.85,0.15,0.12
2018-03-16 00:00:00,2018-03-22 00:00:00,5,-0.01296259157289914,0.0,0.55,0.7,0.06,0.85,0.15,0.12
2018-03-23 00:00:00,2018-03-29 00:00:00,5,-0.0239245541046611,0.09978672592776934,0.55,0.7,0.06,0.85,0.15,0.12
2018-04-02 00:00:00,2018-04-06 00:00:00,5,0.009235516427994028,0.0783464342512937,0.55,0.7,0.06,0.85,0.15,0.12
2018-04-09 00:00:00,2018-04-13 00:00:00,5,0.010938144698301233,0.0,0.55,0.7,0.06,0.85,0.15,0.12
2018-04-16 00:00:00,2018-04-20 00:00:00,5,-0.03155672264715281,0.09112858717529697,0.55,0.7,0.06,0.85,0.15,0.12
2018-04-23 00:00:00,2018-04-27 00:00:00,5,0.01708511802847079,0.0,0.55,0.7,0.06,0.85,0.15,0.12
2018-04-30 00:00:00,2018-05-04 00:00:00,5,0.016084529748520593,0.09201425496294235,0.55,0.7,0.06,0.85,0.15,0.12
2018-05-07 00:00:00,2018-05-11 00:00:00,5,0.00827751933205989,0.0,0.55,0.7,0.06,0.85,0.15,0.12
2018-05-14 00:00:00,2018-05-18 00:00:00,5,0.0017284245627813277,0.0,0.55,0.7,0.06,0.85,0.15,0.12
2018-05-21 00:00:00,2018-05-25 00:00:00,5,0.011704933674774987,0.0276433921456944,0.55,0.7,0.06,0.85,0.15,0.12
2018-05-29 00:00:00,2018-06-04 00:00:00,5,0.02421894085313503,0.0,0.55,0.7,0.06,0.85,0.15,0.12
2018-06-05 00:00:00,2018-06-11 00:00:00,5,-0.00011881910750322078,0.0,0.55,0.7,0.06,0.85,0.15,0.12
2018-06-12 00:00:00,2018-06-18 00:00:00,5,0.008528446452056526,0.0,0.55,0.7,0.06,0.85,0.15,0.12
2018-06-19 00:00:00,2018-06-25 00:00:00,5,-0.03141852471971285,0.0,0.55,0.7,0.06,0.85,0.15,0.12
2018-06-26 00:00:00,2018-07-02 00:00:00,5,0.014516659573198698,0.0,0.55,0.7,0.06,0.85,0.15,0.12
2018-07-03 00:00:00,2018-07-10 00:00:00,5,0.028921682219489764,0.0,0.55,0.7,0.06,0.85,0.15,0.12
2018-07-11 00:00:00,2018-07-17 00:00:00,5,-0.002009907263282873,0.03046947392230708,0.55,0.7,0.06,0.85,0.15,0.12
2018-07-18 00:00:00,2018-07-24 00:00:00,5,0.003895317165962364,0.0,0.55,0.7,0.06,0.85,0.15,0.12
2018-07-25 00:00:00,2018-07-31 00:00:00,5,-0.0023241489061776033,0.0,0.55,0.7,0.06,0.85,0.15,0.12
2018-08-01 00:00:00,2018-08-07 00:00:00,5,0.011678117078689487,0.0,0.55,0.7,0.06,0.85,0.15,0.12
2018-08-08 00:00:00,2018-08-14 00:00:00,5,-0.009157408965855263,0.0,0.55,0.7,0.06,0.85,0.15,0.12
2018-08-15 00:00:00,2018-08-21 00:00:00,5,0.005030147999929291,0.0,0.55,0.7,0.06,0.85,0.15,0.12
2018-08-22 00:00:00,2018-08-28 00:00:00,5,0.025935147373928658,0.0,0.55,0.7,0.06,0.85,0.15,0.12
2018-08-29 00:00:00,2018-09-05 00:00:00,5,-0.024499838649590044,0.0,0.55,0.7,0.06,0.85,0.15,0.12
2018-09-06 00:00:00,2018-09-12 00:00:00,5,0.01305767114621359,0.0,0.55,0.7,0.06,0.85,0.15,0.12
2018-09-13 00:00:00,2018-09-19 00:00:00,5,-0.0017469567073928882,0.0,0.55,0.7,0.06,0.85,0.15,0.12
2018-09-20 00:00:00,2018-09-26 00:00:00,5,0.01128968624896376,0.0,0.55,0.7,0.06,0.85,0.15,0.12
2018-09-27 00:00:00,2018-10-03 00:00:00,5,-0.026871732128474823,0.0,0.55,0.7,0.06,0.85,0.15,0.12
2018-10-04 00:00:00,2018-10-10 00:00:00,5,-0.026644750301048514,0.0,0.55,0.7,0.06,0.85,0.15,0.12
2018-10-11 00:00:00,2018-10-17 00:00:00,5,-0.005421334809225908,0.07882769895437862,0.55,0.7,0.06,0.85,0.15,0.12
2018-10-18 00:00:00,2018-10-24 00:00:00,5,-0.021092649289049525,0.0,0.55,0.7,0.06,0.85,0.15,0.12
2018-10-25 00:00:00,2018-10-31 00:00:00,5,0.006557614421063729,0.03345241111441046,0.55,0.7,0.06,0.85,0.15,0.12
2018-11-01 00:00:00,2018-11-07 00:00:00,5,0.006901670026343565,0.0317671858737789,0.55,0.7,0.06,0.85,0.15,0.12
2018-11-08 00:00:00,2018-11-14 00:00:00,5,-0.008925246779251106,0.0869026729455419,0.55,0.7,0.06,0.85,0.15,0.12
2018-11-15 00:00:00,2018-11-21 00:00:00,5,-0.008716832261038254,0.031864683336699486,0.55,0.7,0.06,0.85,0.15,0.12
2018-11-23 00:00:00,2018-11-29 00:00:00,5,0.015222181646732391,0.008492984538181226,0.55,0.7,0.06,0.85,0.15,0.12
2018-11-30 00:00:00,2018-12-07 00:00:00,5,-0.014837310536131798,0.0961428093854754,0.55,0.7,0.06,0.85,0.15,0.12
2018-12-10 00:00:00,2018-12-14 00:00:00,5,-0.005004215868975037,0.0027376383132505454,0.55,0.7,0.06,0.85,0.15,0.12
2018-12-17 00:00:00,2018-12-21 00:00:00,5,-0.0086449016616722,0.006735965770515584,0.55,0.7,0.06,0.85,0.15,0.12
2018-12-24 00:00:00,2018-12-31 00:00:00,5,0.008141053029923295,0.00953789355572272,0.55,0.7,0.06,0.85,0.15,0.12
2019-01-02 00:00:00,2019-01-08 00:00:00,5,0.00852097520602002,0.0,0.55,0.7,0.06,0.85,0.15,0.12
2019-01-09 00:00:00,2019-01-15 00:00:00,5,0.004537003795749284,0.056481340859887416,0.55,0.7,0.06,0.85,0.15,0.12
2019-01-16 00:00:00,2019-01-23 00:00:00,5,0.004228227399866169,0.033075076036160965,0.55,0.7,0.06,0.85,0.15,0.12
2019-01-24 00:00:00,2019-01-30 00:00:00,5,0.008825157314920062,0.042008472910002724,0.55,0.7,0.06,0.85,0.15,0.12
2019-01-31 00:00:00,2019-02-06 00:00:00,5,0.003925881693155997,0.07482140228376917,0.55,0.7,0.06,0.85,0.15,0.12
2019-02-07 00:00:00,2019-02-13 00:00:00,5,0.012427111180010941,0.030240962973079898,0.55,0.7,0.06,0.85,0.15,0.12
2019-02-14 00:00:00,2019-02-21 00:00:00,5,0.0067451015390578295,0.04362846503241289,0.55,0.7,0.06,0.85,0.15,0.12
2019-02-22 00:00:00,2019-02-28 00:00:00,5,0.00341545672951149,0.0,0.55,0.7,0.06,0.85,0.15,0.12
2019-03-01 00:00:00,2019-03-07 00:00:00,5,0.002637352160232753,0.0,0.55,0.7,0.06,0.85,0.15,0.12
2019-03-08 00:00:00,2019-03-14 00:00:00,5,0.017906611459800992,0.0,0.55,0.7,0.06,0.85,0.15,0.12
2019-03-15 00:00:00,2019-03-21 00:00:00,5,0.0016629916288239954,0.0,0.55,0.7,0.06,0.85,0.15,0.12
2019-03-22 00:00:00,2019-03-28 00:00:00,5,0.015190565237782838,0.0,0.55,0.7,0.06,0.85,0.15,0.12
2019-03-29 00:00:00,2019-04-04 00:00:00,5,0.012565836228684013,0.0,0.55,0.7,0.06,0.85,0.15,0.12
2019-04-05 00:00:00,2019-04-11 00:00:00,5,0.0029753844701383425,0.026482703145673227,0.55,0.7,0.06,0.85,0.15,0.12
2019-04-12 00:00:00,2019-04-18 00:00:00,5,0.01957523493701352,0.0,0.55,0.7,0.06,0.85,0.15,0.12
2019-04-22 00:00:00,2019-04-26 00:00:00,5,-0.0026783873513307466,0.0,0.55,0.7,0.06,0.85,0.15,0.12
2019-04-29 00:00:00,2019-05-03 00:00:00,5,-0.013756484084551435,0.0,0.55,0.7,0.06,0.85,0.15,0.12
2019-05-06 00:00:00,2019-05-10 00:00:00,5,-0.02455936226855604,0.0,0.55,0.7,0.06,0.85,0.15,0.12
2019-05-13 00:00:00,2019-05-17 00:00:00,5,0.004575637732080473,0.051747056291814975,0.55,0.7,0.06,0.85,0.15,0.12
2019-05-20 00:00:00,2019-05-24 00:00:00,5,-0.016641096706688008,0.030007719297081924,0.55,0.7,0.06,0.85,0.15,0.12
2019-05-28 00:00:00,2019-06-03 00:00:00,5,0.004126384388530191,0.028533118399333056,0.55,0.7,0.06,0.85,0.15,0.12
2019-06-04 00:00:00,2019-06-10 00:00:00,5,0.0193606511543003,0.0,0.55,0.7,0.06,0.85,0.15,0.12
2019-06-11 00:00:00,2019-06-17 00:00:00,5,0.02010437862739356,0.07393926039929469,0.55,0.7,0.06,0.85,0.15,0.12
2019-06-18 00:00:00,2019-06-24 00:00:00,5,-0.004236312682317722,0.03316368640119745,0.55,0.7,0.06,0.85,0.15,0.12
2019-06-25 00:00:00,2019-07-01 00:00:00,5,0.025642381519484614,0.0,0.55,0.7,0.06,0.85,0.15,0.12
2019-07-02 00:00:00,2019-07-09 00:00:00,5,0.0026724927989922875,0.0,0.55,0.7,0.06,0.85,0.15,0.12
2019-07-10 00:00:00,2019-07-16 00:00:00,5,0.001038427738388581,0.0,0.55,0.7,0.06,0.85,0.15,0.12
2019-07-17 00:00:00,2019-07-23 00:00:00,5,0.0033528158513072004,0.0,0.55,0.7,0.06,0.85,0.15,0.12
2019-07-24 00:00:00,2019-07-30 00:00:00,5,-0.013809136161203606,0.02537211477142933,0.55,0.7,0.06,0.85,0.15,0.12
2019-07-31 00:00:00,2019-08-06 00:00:00,5,-0.009548575890627742,0.03451769082973812,0.55,0.7,0.06,0.85,0.15,0.12
2019-08-07 00:00:00,2019-08-13 00:00:00,5,-0.020779440271165073,0.12618898772564952,0.55,0.7,0.06,0.85,0.15,0.12
2019-08-14 00:00:00,2019-08-20 00:00:00,5,0.0198451470327472,0.0965257497431041,0.55,0.7,0.06,0.85,0.15,0.12
2019-08-21 00:00:00,2019-08-27 00:00:00,5,0.0008541378855393411,0.0,0.55,0.7,0.06,0.85,0.15,0.12
2019-08-28 00:00:00,2019-09-04 00:00:00,5,0.012637330050758289,0.0836711076095531,0.55,0.7,0.06,0.85,0.15,0.12
2019-09-05 00:00:00,2019-09-11 00:00:00,5,0.0011504331170175686,0.0,0.55,0.7,0.06,0.85,0.15,0.12
2019-09-12 00:00:00,2019-09-18 00:00:00,5,-0.005875609831385131,0.0,0.55,0.7,0.06,0.85,0.15,0.12
2019-09-19 00:00:00,2019-09-25 00:00:00,5,-0.014217203780727106,0.0,0.55,0.7,0.06,0.85,0.15,0.12
2019-09-26 00:00:00,2019-10-02 00:00:00,5,0.010166170603909341,0.0346836336862506,0.55,0.7,0.06,0.85,0.15,0.12
2019-10-03 00:00:00,2019-10-09 00:00:00,5,0.0020983710406996536,0.06557701360045987,0.55,0.7,0.06,0.85,0.15,0.12
2019-10-10 00:00:00,2019-10-16 00:00:00,5,0.0020153512327645284,0.04631459333137218,0.55,0.7,0.06,0.85,0.15,0.12
2019-10-17 00:00:00,2019-10-23 00:00:00,5,0.01583659152173511,0.0440851135741497,0.55,0.7,0.06,0.85,0.15,0.12
2019-10-24 00:00:00,2019-10-30 00:00:00,5,0.014076966605066188,0.0,0.55,0.7,0.06,0.85,0.15,0.12
2019-10-31 00:00:00,2019-11-06 00:00:00,5,0.007286668005028085,0.0,0.55,0.7,0.06,0.85,0.15,0.12
2019-11-07 00:00:00,2019-11-13 00:00:00,5,0.007799610291455261,0.0,0.55,0.7,0.06,0.85,0.15,0.12
2019-11-14 00:00:00,2019-11-20 00:00:00,5,-0.0036341894093756544,0.0,0.55,0.7,0.06,0.85,0.15,0.12
2019-11-21 00:00:00,2019-11-27 00:00:00,5,0.0037261418469491936,0.02511307390657618,0.55,0.7,0.06,0.85,0.15,0.12
2019-11-29 00:00:00,2019-12-05 00:00:00,5,0.004627704292911483,0.0,0.55,0.7,0.06,0.85,0.15,0.12
2019-12-06 00:00:00,2019-12-12 00:00:00,5,0.021620906885279956,0.0,0.55,0.7,0.06,0.85,0.15,0.12
2019-12-13 00:00:00,2019-12-19 00:00:00,5,0.012114005897528424,0.0,0.55,0.7,0.06,0.85,0.15,0.12
2019-12-20 00:00:00,2019-12-27 00:00:00,5,0.003306853983840785,0.0,0.55,0.7,0.06,0.85,0.15,0.12
2019-12-30 00:00:00,2020-01-06 00:00:00,5,0.019024039802639114,0.0,0.55,0.7,0.06,0.85,0.15,0.12
2020-01-07 00:00:00,2020-01-13 00:00:00,5,0.012568990610960062,0.0,0.55,0.7,0.06,0.85,0.15,0.12
2020-01-14 00:00:00,2020-01-21 00:00:00,5,0.0160671718857186,0.03246083250734588,0.55,0.7,0.06,0.85,0.15,0.12
2020-01-22 00:00:00,2020-01-28 00:00:00,5,-0.005024713143090498,0.0,0.55,0.7,0.06,0.85,0.15,0.12
2020-01-29 00:00:00,2020-02-04 00:00:00,5,0.025922484734199447,0.0,0.55,0.7,0.06,0.85,0.15,0.12
2020-02-05 00:00:00,2020-02-11 00:00:00,5,0.013231963470350827,0.0,0.55,0.7,0.06,0.85,0.15,0.12
2020-02-12 00:00:00,2020-02-19 00:00:00,5,-0.010766544093956276,0.0,0.55,0.7,0.06,0.85,0.15,0.12
2020-02-20 00:00:00,2020-02-26 00:00:00,5,-0.07197657548851377,0.02744112145340396,0.55,0.7,0.06,0.85,0.15,0.12
2020-02-27 00:00:00,2020-03-04 00:00:00,5,0.016428487829654115,0.1839224186663657,0.55,0.7,0.06,0.85,0.15,0.12
2020-03-05 00:00:00,2020-03-11 00:00:00,5,-0.03343626814351519,0.04335960910227736,0.55,0.7,0.06,0.85,0.15,0.12
2020-03-12 00:00:00,2020-03-18 00:00:00,5,-0.00820597448754512,0.04595383449450976,0.55,0.7,0.06,0.85,0.15,0.12
2020-03-19 00:00:00,2020-03-25 00:00:00,5,0.02378594221067387,0.007150592390670718,0.55,0.7,0.06,0.85,0.15,0.12
2020-03-26 00:00:00,2020-04-01 00:00:00,5,0.003473248202352508,0.0012990176305079705,0.55,0.7,0.06,0.85,0.15,0.12
2020-04-02 00:00:00,2020-04-08 00:00:00,5,0.01328038575000079,0.012086819326732773,0.55,0.7,0.06,0.85,0.15,0.12
2020-04-09 00:00:00,2020-04-16 00:00:00,5,0.01990887022604526,0.04519441394525811,0.55,0.7,0.06,0.85,0.15,0.12
2020-04-17 00:00:00,2020-04-23 00:00:00,5,0.006051476166267555,0.10371417667649765,0.55,0.7,0.06,0.85,0.15,0.12
2020-04-24 00:00:00,2020-04-30 00:00:00,5,0.0002636646710931778,0.0,0.55,0.7,0.06,0.85,0.15,0.12
2020-05-01 00:00:00,2020-05-07 00:00:00,5,0.02942988178918693,0.0,0.55,0.7,0.06,0.85,0.15,0.12
2020-05-08 00:00:00,2020-05-14 00:00:00,5,0.0016216294018756017,0.05735854207711566,0.55,0.7,0.06,0.85,0.15,0.12
2020-05-15 00:00:00,2020-05-21 00:00:00,5,0.005676694561357776,0.0,0.55,0.7,0.06,0.85,0.15,0.12
2020-05-22 00:00:00,2020-05-29 00:00:00,5,0.020725767779956827,0.0,0.55,0.7,0.06,0.85,0.15,0.12
2020-06-01 00:00:00,2020-06-05 00:00:00,5,0.0235873919171663,0.02450931228173663,0.55,0.7,0.06,0.85,0.15,0.12
2020-06-08 00:00:00,2020-06-12 00:00:00,5,-0.0002706928668085862,0.0,0.55,0.7,0.06,0.85,0.15,0.12
2020-06-15 00:00:00,2020-06-19 00:00:00,5,0.018895346374260047,0.03024721343227017,0.55,0.7,0.06,0.85,0.15,0.12
2020-06-22 00:00:00,2020-06-26 00:00:00,5,-0.00254561458990632,0.0,0.55,0.7,0.06,0.85,0.15,0.12
2020-06-29 00:00:00,2020-07-06 00:00:00,5,0.034901788196526784,0.0,0.55,0.7,0.06,0.85,0.15,0.12
2020-07-07 00:00:00,2020-07-13 00:00:00,5,0.0028972498108008615,0.0,0.55,0.7,0.06,0.85,0.15,0.12
2020-07-14 00:00:00,2020-07-20 00:00:00,5,0.011388710990249296,0.0,0.55,0.7,0.06,0.85,0.15,0.12
2020-07-21 00:00:00,2020-07-27 00:00:00,5,-0.013022844840585135,0.0,0.55,0.7,0.06,0.85,0.15,0.12
2020-07-28 00:00:00,2020-08-03 00:00:00,5,0.027502455151214633,0.026968141747899476,0.55,0.7,0.06,0.85,0.15,0.12
2020-08-04 00:00:00,2020-08-10 00:00:00,5,0.0004591434799809946,0.027425949689153083,0.55,0.7,0.06,0.85,0.15,0.12
2020-08-11 00:00:00,2020-08-17 00:00:00,5,0.01105629261052199,0.0,0.55,0.7,0.06,0.85,0.15,0.12
2020-08-18 00:00:00,2020-08-24 00:00:00,5,0.0399449875175375,0.0,0.55,0.7,0.06,0.85,0.15,0.12
2020-08-25 00:00:00,2020-08-31 00:00:00,5,0.026642474353612444,0.0,0.55,0.7,0.06,0.85,0.15,0.12
2020-09-01 00:00:00,2020-09-08 00:00:00,5,-0.0712390156574556,0.0,0.55,0.7,0.06,0.85,0.15,0.12
2020-09-09 00:00:00,2020-09-15 00:00:00,5,-0.004293899809389212,0.05843659697681334,0.55,0.7,0.06,0.85,0.15,0.12
2020-09-16 00:00:00,2020-09-22 00:00:00,5,-0.00693132911988803,0.10526400141713013,0.55,0.7,0.06,0.85,0.15,0.12
2020-09-23 00:00:00,2020-09-29 00:00:00,5,0.017952125266101016,0.0,0.55,0.7,0.06,0.85,0.15,0.12
2020-09-30 00:00:00,2020-10-06 00:00:00,5,-0.0035731999291844785,0.06872094277411098,0.55,0.7,0.06,0.85,0.15,0.12
2020-10-07 00:00:00,2020-10-13 00:00:00,5,0.017406236929678354,0.03333497470265795,0.55,0.7,0.06,0.85,0.15,0.12
2020-10-14 00:00:00,2020-10-20 00:00:00,5,-0.015745783895650067,0.04610145010520128,0.55,0.7,0.06,0.85,0.15,0.12
2020-10-21 00:00:00,2020-10-27 00:00:00,5,-0.0175795958371312,0.0,0.55,0.7,0.06,0.85,0.15,0.12
2020-10-28 00:00:00,2020-11-03 00:00:00,5,0.029153755039826423,0.09290490592398805,0.55,0.7,0.06,0.85,0.15,0.12
2020-11-04 00:00:00,2020-11-10 00:00:00,5,-0.014393208855464912,0.07366811423926814,0.55,0.7,0.06,0.85,0.15,0.12
2020-11-11 00:00:00,2020-11-17 00:00:00,5,0.008829907801440662,0.0,0.55,0.7,0.06,0.85,0.15,0.12
2020-11-18 00:00:00,2020-11-24 00:00:00,5,0.016243553410020928,0.039276500046388566,0.55,0.7,0.06,0.85,0.15,0.12
2020-11-25 00:00:00,2020-12-02 00:00:00,5,0.013829964692255059,0.0,0.55,0.7,0.06,0.85,0.15,0.12
2020-12-03 00:00:00,2020-12-09 00:00:00,5,-0.009279441859682325,0.043652414345900684,0.55,0.7,0.06,0.85,0.15,0.12
2020-12-10 00:00:00,2020-12-16 00:00:00,5,0.021864964722210667,0.0,0.55,0.7,0.06,0.85,0.15,0.12
2020-12-17 00:00:00,2020-12-23 00:00:00,5,0.008658686605483634,0.0,0.55,0.7,0.06,0.85,0.15,0.12
2020-12-24 00:00:00,2020-12-31 00:00:00,5,-0.002247254976426971,0.0,0.55,0.7,0.06,0.85,0.15,0.12
2021-01-04 00:00:00,2021-01-08 00:00:00,5,0.003847887478458434,0.0,0.55,0.7,0.06,0.85,0.15,0.12
2021-01-11 00:00:00,2021-01-15 00:00:00,5,0.02441094019097223,0.026172954678165005,0.55,0.7,0.06,0.85,0.15,0.12
2021-01-19 00:00:00,2021-01-25 00:00:00,5,-0.009306133278084605,0.0,0.55,0.7,0.06,0.85,0.15,0.12
2021-01-26 00:00:00,2021-02-01 00:00:00,5,0.015251454711823875,0.0,0.55,0.7,0.06,0.85,0.15,0.12
2021-02-02 00:00:00,2021-02-08 00:00:00,5,0.014962899813901531,0.0,0.55,0.7,0.06,0.85,0.15,0.12
2021-02-09 00:00:00,2021-02-16 00:00:00,5,-0.0023116977089805424,0.0,0.55,0.7,0.06,0.85,0.15,0.12
2021-02-17 00:00:00,2021-02-23 00:00:00,5,-0.04787453625132487,0.0,0.55,0.7,0.06,0.85,0.15,0.12
2021-02-24 00:00:00,2021-03-02 00:00:00,5,-0.021113572524831703,0.0,0.55,0.7,0.06,0.85,0.15,0.12
2021-03-03 00:00:00,2021-03-09 00:00:00,5,0.026912380659200208,0.06845366279430345,0.55,0.7,0.06,0.85,0.15,0.12
2021-03-10 00:00:00,2021-03-16 00:00:00,5,-0.014755063698310589,0.0,0.55,0.7,0.06,0.85,0.15,0.12
2021-03-17 00:00:00,2021-03-23 00:00:00,5,0.00048075079883425076,0.05202666087203385,0.55,0.7,0.06,0.85,0.15,0.12
2021-03-24 00:00:00,2021-03-30 00:00:00,5,0.026061505731558743,0.02854430416683753,0.55,0.7,0.06,0.85,0.15,0.12
2021-03-31 00:00:00,2021-04-07 00:00:00,5,0.02876839337140802,0.03919083664289591,0.55,0.7,0.06,0.85,0.15,0.12
2021-04-08 00:00:00,2021-04-14 00:00:00,5,0.012520764356014347,0.032634800609004075,0.55,0.7,0.06,0.85,0.15,0.12
2021-04-15 00:00:00,2021-04-21 00:00:00,5,-0.0059850526397057235,0.0,0.55,0.7,0.06,0.85,0.15,0.12
2021-04-22 00:00:00,2021-04-28 00:00:00,5,-0.003980779237554688,0.0,0.55,0.7,0.06,0.85,0.15,0.12
2021-04-29 00:00:00,2021-05-05 00:00:00,5,-0.008648210781007082,0.0,0.55,0.7,0.06,0.85,0.15,0.12
2021-05-06 00:00:00,2021-05-12 00:00:00,5,-0.01952530750183279,0.0,0.55,0.7,0.06,0.85,0.15,0.12
2021-05-13 00:00:00,2021-05-19 00:00:00,5,0.0017741301952007849,0.06233261438235878,0.55,0.7,0.06,0.85,0.15,0.12
2021-05-20 00:00:00,2021-05-26 00:00:00,5,0.017515711563307335,0.0246477572466147,0.55,0.7,0.06,0.85,0.15,0.12
2021-05-27 00:00:00,2021-06-03 00:00:00,5,0.007314443408959592,0.0,0.55,0.7,0.06,0.85,0.15,0.12
2021-06-04 00:00:00,2021-06-10 00:00:00,5,0.021159100539117848,0.0,0.55,0.7,0.06,0.85,0.15,0.12
2021-06-11 00:00:00,2021-06-17 00:00:00,5,0.0006081223682512515,0.0,0.55,0.7,0.06,0.85,0.15,0.12
2021-06-18 00:00:00,2021-06-24 00:00:00,5,0.02405575380965752,0.0,0.55,0.7,0.06,0.85,0.15,0.12
2021-06-25 00:00:00,2021-07-01 00:00:00,5,0.016976572746522534,0.0,0.55,0.7,0.06,0.85,0.15,0.12
2021-07-02 00:00:00,2021-07-09 00:00:00,5,0.0052516137055669265,0.0,0.55,0.7,0.06,0.85,0.15,0.12
2021-07-12 00:00:00,2021-07-16 00:00:00,5,-0.0076921743991504865,0.0,0.55,0.7,0.06,0.85,0.15,0.12
2021-07-19 00:00:00,2021-07-23 00:00:00,5,0.013816388714175787,0.0,0.55,0.7,0.06,0.85,0.15,0.12
2021-07-26 00:00:00,2021-07-30 00:00:00,5,0.006176777813995837,0.0,0.55,0.7,0.06,0.85,0.15,0.12
2021-08-02 00:00:00,2021-08-06 00:00:00,5,-0.0009529343052032679,0.0,0.55,0.7,0.06,0.85,0.15,0.12
2021-08-09 00:00:00,2021-08-13 00:00:00,5,-0.0021162403113151873,0.0,0.55,0.7,0.06,0.85,0.15,0.12
2021-08-16 00:00:00,2021-08-20 00:00:00,5,0.019058079170739983,0.025551133444324758,0.55,0.7,0.06,0.85,0.15,0.12
2021-08-23 00:00:00,2021-08-27 00:00:00,5,0.01216817564994166,0.0,0.55,0.7,0.06,0.85,0.15,0.12
2021-08-30 00:00:00,2021-09-03 00:00:00,5,0.0015700521828387881,0.0,0.55,0.7,0.06,0.85,0.15,0.12
2021-09-07 00:00:00,2021-09-13 00:00:00,5,-0.005542249910137298,0.0,0.55,0.7,0.06,0.85,0.15,0.12
2021-09-14 00:00:00,2021-09-20 00:00:00,5,-0.01758283307631503,0.0,0.55,0.7,0.06,0.85,0.15,0.12
2021-09-21 00:00:00,2021-09-27 00:00:00,5,-0.023188658959208075,0.04459787905038,0.55,0.7,0.06,0.85,0.15,0.12
2021-09-28 00:00:00,2021-10-04 00:00:00,5,0.0010642473450619416,0.0,0.55,0.7,0.06,0.85,0.15,0.12
2021-10-05 00:00:00,2021-10-11 00:00:00,5,-8.772258402456323e-06,0.0261786107555257,0.55,0.7,0.06,0.85,0.15,0.12
2021-10-12 00:00:00,2021-10-18 00:00:00,5,0.02475883772160903,0.0,0.55,0.7,0.06,0.85,0.15,0.12
2021-10-19 00:00:00,2021-10-25 00:00:00,5,0.011578646836473805,0.07125547461573141,0.55,0.7,0.06,0.85,0.15,0.12
2021-10-26 00:00:00,2021-11-01 00:00:00,5,0.028110136204893665,0.0,0.55,0.7,0.06,0.85,0.15,0.12
2021-11-02 00:00:00,2021-11-08 00:00:00,5,-0.007368033162536425,0.0,0.55,0.7,0.06,0.85,0.15,0.12
2021-11-09 00:00:00,2021-11-15 00:00:00,5,0.016847479673820498,0.0,0.55,0.7,0.06,0.85,0.15,0.12
2021-11-16 00:00:00,2021-11-22 00:00:00,5,0.0017689896867736365,0.0,0.55,0.7,0.06,0.85,0.15,0.12
2021-11-23 00:00:00,2021-11-30 00:00:00,5,-0.016288500204671097,0.0,0.55,0.7,0.06,0.85,0.15,0.12
2021-12-01 00:00:00,2021-12-07 00:00:00,5,0.007762174952802736,0.0,0.55,0.7,0.06,0.85,0.15,0.12
2021-12-08 00:00:00,2021-12-14 00:00:00,5,-0.01369116930733183,0.0,0.55,0.7,0.06,0.85,0.15,0.12
2021-12-15 00:00:00,2021-12-21 00:00:00,5,0.019801122041408714,0.02856265914384055,0.55,0.7,0.06,0.85,0.15,0.12
2021-12-22 00:00:00,2021-12-29 00:00:00,5,0.0013512695666773045,0.0,0.55,0.7,0.06,0.85,0.15,0.12
2021-12-30 00:00:00,2022-01-05 00:00:00,5,-0.03978942778274719,0.030980420171340083,0.55,0.7,0.06,0.85,0.15,0.12
2022-01-06 00:00:00,2022-01-12 00:00:00,5,0.00011800889694280059,0.024285911193581766,0.55,0.7,0.06,0.85,0.15,0.12
2022-01-13 00:00:00,2022-01-20 00:00:00,5,-0.05398518908061167,0.0,0.55,0.7,0.06,0.85,0.15,0.12
2022-01-21 00:00:00,2022-01-27 00:00:00,5,0.00911283264266105,0.1551531757914395,0.55,0.7,0.06,0.85,0.15,0.12
2022-01-28 00:00:00,2022-02-03 00:00:00,5,-0.010679269741773911,0.07762582010633884,0.55,0.7,0.06,0.85,0.15,0.12
2022-02-04 00:00:00,2022-02-10 00:00:00,5,-0.0079438781188097,0.0001582733353131638,0.55,0.7,0.06,0.85,0.15,0.12
2022-02-11 00:00:00,2022-02-17 00:00:00,5,-0.0005845685290166713,0.012972922875620917,0.55,0.7,0.06,0.85,0.15,0.12
2022-02-18 00:00:00,2022-02-25 00:00:00,5,0.011636853736548991,7.210731966651451e-05,0.55,0.7,0.06,0.85,0.15,0.12
2022-02-28 00:00:00,2022-03-04 00:00:00,5,-0.014474463331705323,0.004056556749507034,0.55,0.7,0.06,0.85,0.15,0.12
2022-03-07 00:00:00,2022-03-11 00:00:00,5,-0.010966842249528708,0.004699911539841828,0.55,0.7,0.06,0.85,0.15,0.12
2022-03-14 00:00:00,2022-03-18 00:00:00,5,0.00441172014706126,0.03315751512659472,0.55,0.7,0.06,0.85,0.15,0.12
2022-03-21 00:00:00,2022-03-25 00:00:00,5,0.010750908637241041,0.024609953380439087,0.55,0.7,0.06,0.85,0.15,0.12
2022-03-28 00:00:00,2022-04-01 00:00:00,5,-0.020402640127391014,0.12403094883738819,0.55,0.7,0.06,0.85,0.15,0.12
2022-04-04 00:00:00,2022-04-08 00:00:00,5,-0.047106360879441755,0.0570350390075884,0.55,0.7,0.06,0.85,0.15,0.12
2022-04-11 00:00:00,2022-04-18 00:00:00,5,-0.0005293732931138662,0.10188533918763591,0.55,0.7,0.06,0.85,0.15,0.12
2022-04-19 00:00:00,2022-04-25 00:00:00,5,-0.034912794046837003,0.0,0.55,0.7,0.06,0.85,0.15,0.12
2022-04-26 00:00:00,2022-05-02 00:00:00,5,0.00728902097058759,0.09892971423374428,0.55,0.7,0.06,0.85,0.15,0.12
2022-05-03 00:00:00,2022-05-09 00:00:00,5,-0.027538653861113316,0.01845535286384,0.55,0.7,0.06,0.85,0.15,0.12
2022-05-10 00:00:00,2022-05-16 00:00:00,5,0.0015090698072501851,0.010802575883033272,0.55,0.7,0.06,0.85,0.15,0.12
2022-05-17 00:00:00,2022-05-23 00:00:00,5,0.007203676626837741,0.00271951032673754,0.55,0.7,0.06,0.85,0.15,0.12
2022-05-24 00:00:00,2022-05-31 00:00:00,5,0.00592013334653374,0.008381139191547694,0.55,0.7,0.06,0.85,0.15,0.12
2022-06-01 00:00:00,2022-06-07 00:00:00,5,-0.014236372243021989,0.0,0.55,0.7,0.06,0.85,0.15,0.12
2022-06-08 00:00:00,2022-06-14 00:00:00,5,-0.03663312651899242,0.08880110362670705,0.55,0.7,0.06,0.85,0.15,0.12
2022-06-15 00:00:00,2022-06-22 00:00:00,5,0.020483597977073442,0.033481864378441376,0.55,0.7,0.06,0.85,0.15,0.12
2022-06-23 00:00:00,2022-06-29 00:00:00,5,0.004990584546415766,0.003507378892462121,0.55,0.7,0.06,0.85,0.15,0.12
2022-06-30 00:00:00,2022-07-07 00:00:00,5,-0.0010660949511021034,0.0013665951087997285,0.55,0.7,0.06,0.85,0.15,0.12
2022-07-08 00:00:00,2022-07-14 00:00:00,5,0.0010482002237153232,0.03900880880205182,0.55,0.7,0.06,0.85,0.15,0.12
2022-07-15 00:00:00,2022-07-21 00:00:00,5,0.018479130295427915,0.03130029604320657,0.55,0.7,0.06,0.85,0.15,0.12
2022-07-22 00:00:00,2022-07-28 00:00:00,5,0.03063387354959879,0.06467202244523029,0.55,0.7,0.06,0.85,0.15,0.12
2022-07-29 00:00:00,2022-08-04 00:00:00,5,0.00557046830640151,0.10696061218621855,0.55,0.7,0.06,0.85,0.15,0.12
2022-08-05 00:00:00,2022-08-11 00:00:00,5,0.028990830733156114,0.0,0.55,0.7,0.06,0.85,0.15,0.12
2022-08-12 00:00:00,2022-08-18 00:00:00,5,-0.04883857494022115,0.027271840937143743,0.55,0.7,0.06,0.85,0.15,0.12
2022-08-19 00:00:00,2022-08-25 00:00:00,5,-0.02329238399367306,0.05311712956951094,0.55,0.7,0.06,0.85,0.15,0.12
2022-08-26 00:00:00,2022-09-01 00:00:00,5,-0.026865083065586548,0.043743989999830556,0.55,0.7,0.06,0.85,0.15,0.12
2022-09-02 00:00:00,2022-09-09 00:00:00,5,-0.0008917683153901734,0.0721725182790256,0.55,0.7,0.06,0.85,0.15,0.12
2022-09-12 00:00:00,2022-09-16 00:00:00,5,-0.012126059230170627,0.07051057893579663,0.55,0.7,0.06,0.85,0.15,0.12
2022-09-19 00:00:00,2022-09-23 00:00:00,5,-0.03349338688790837,0.06359889923073307,0.55,0.7,0.06,0.85,0.15,0.12
2022-09-26 00:00:00,2022-09-30 00:00:00,5,0.02224492560519642,0.031234360019374206,0.55,0.7,0.06,0.85,0.15,0.12
2022-10-03 00:00:00,2022-10-07 00:00:00,5,-0.03368968789067783,0.0,0.55,0.7,0.06,0.85,0.15,0.12
2022-10-10 00:00:00,2022-10-14 00:00:00,5,0.010464391251933991,0.0,0.55,0.7,0.06,0.85,0.15,0.12
2022-10-17 00:00:00,2022-10-21 00:00:00,5,0.014185838841989762,0.0,0.55,0.7,0.06,0.85,0.15,0.12
2022-10-24 00:00:00,2022-10-28 00:00:00,5,-0.013489902263098763,0.041079213790198,0.55,0.7,0.06,0.85,0.15,0.12
2022-10-31 00:00:00,2022-11-04 00:00:00,5,-0.011999370472487558,0.03032135509911845,0.55,0.7,0.06,0.85,0.15,0.12
2022-11-07 00:00:00,2022-11-11 00:00:00,5,0.047897517984134774,0.0,0.55,0.7,0.06,0.85,0.15,0.12
2022-11-14 00:00:00,2022-11-18 00:00:00,5,-0.005411053064314553,0.0,0.55,0.7,0.06,0.85,0.15,0.12
2022-11-21 00:00:00,2022-11-28 00:00:00,5,0.01705749285374103,0.0,0.55,0.7,0.06,0.85,0.15,0.12
2022-11-29 00:00:00,2022-12-05 00:00:00,5,-0.01761926896498167,0.0,0.55,0.7,0.06,0.85,0.15,0.12
2022-12-06 00:00:00,2022-12-12 00:00:00,5,0.012239710216737976,0.033838455085674776,0.55,0.7,0.06,0.85,0.15,0.12
2022-12-13 00:00:00,2022-12-19 00:00:00,5,-0.0299847971630407,0.0,0.55,0.7,0.06,0.85,0.15,0.12
2022-12-20 00:00:00,2022-12-27 00:00:00,5,-0.015696185523163098,0.05426001053199615,0.55,0.7,0.06,0.85,0.15,0.12
2022-12-28 00:00:00,2023-01-04 00:00:00,5,0.01248959516893966,0.03771547568638208,0.55,0.7,0.06,0.85,0.15,0.12
2023-01-05 00:00:00,2023-01-11 00:00:00,5,0.019755982862090793,0.0,0.55,0.7,0.06,0.85,0.15,0.12
2023-01-12 00:00:00,2023-01-19 00:00:00,5,0.01729880759877256,0.100098308596578,0.55,0.7,0.06,0.85,0.15,0.12
2023-01-20 00:00:00,2023-01-26 00:00:00,5,0.0029179542583732676,0.024236500137892046,0.55,0.7,0.06,0.85,0.15,0.12
2023-01-27 00:00:00,2023-02-02 00:00:00,5,0.03601355261643269,0.04811772705414774,0.55,0.7,0.06,0.85,0.15,0.12
2023-02-03 00:00:00,2023-02-09 00:00:00,5,0.0018593302094107589,0.0,0.55,0.7,0.06,0.85,0.15,0.12
2023-02-10 00:00:00,2023-02-16 00:00:00,5,-0.030105661328418076,0.0,0.55,0.7,0.06,0.85,0.15,0.12
2023-02-17 00:00:00,2023-02-24 00:00:00,5,-0.0006950950705608694,0.0,0.55,0.7,0.06,0.85,0.15,0.12
2023-02-27 00:00:00,2023-03-03 00:00:00,5,0.007035017130513799,0.0,0.55,0.7,0.06,0.85,0.15,0.12
2023-03-06 00:00:00,2023-03-10 00:00:00,5,0.006355107864080889,0.0,0.55,0.7,0.06,0.85,0.15,0.12
2023-03-13 00:00:00,2023-03-17 00:00:00,5,0.037274222996978024,0.0,0.55,0.7,0.06,0.85,0.15,0.12
2023-03-20 00:00:00,2023-03-24 00:00:00,5,-0.0075512213197742595,0.0,0.55,0.7,0.06,0.85,0.15,0.12
2023-03-27 00:00:00,2023-03-31 00:00:00,5,0.033579989707011926,0.0,0.55,0.7,0.06,0.85,0.15,0.12
2023-04-03 00:00:00,2023-04-10 00:00:00,5,-0.015589511168678127,0.0,0.55,0.7,0.06,0.85,0.15,0.12
2023-04-11 00:00:00,2023-04-17 00:00:00,5,0.012862694482218329,0.0,0.55,0.7,0.06,0.85,0.15,0.12
2023-04-18 00:00:00,2023-04-24 00:00:00,5,-0.015581382801233001,0.0,0.55,0.7,0.06,0.85,0.15,0.12
2023-04-25 00:00:00,2023-05-01 00:00:00,5,0.015259890443191093,0.0,0.55,0.7,0.06,0.85,0.15,0.12
2023-05-02 00:00:00,2023-05-08 00:00:00,5,0.019426676843096402,0.0,0.55,0.7,0.06,0.85,0.15,0.12
2023-05-09 00:00:00,2023-05-15 00:00:00,5,0.013596963597303224,0.0,0.55,0.7,0.06,0.85,0.15,0.12
2023-05-16 00:00:00,2023-05-22 00:00:00,5,-0.00017701983674045518,0.0,0.55,0.7,0.06,0.85,0.15,0.12
2023-05-23 00:00:00,2023-05-30 00:00:00,5,0.050994388844243455,0.0,0.55,0.7,0.06,0.85,0.15,0.12
2023-05-31 00:00:00,2023-06-06 00:00:00,5,0.001696411428447897,0.0,0.55,0.7,0.06,0.85,0.15,0.12
2023-06-07 00:00:00,2023-06-13 00:00:00,5,0.03482198454039098,0.034623436742361104,0.55,0.7,0.06,0.85,0.15,0.12
2023-06-14 00:00:00,2023-06-21 00:00:00,5,-0.014355084754219205,0.0,0.55,0.7,0.06,0.85,0.15,0.12
2023-06-22 00:00:00,2023-06-28 00:00:00,5,0.012952680387093185,0.0,0.55,0.7,0.06,0.85,0.15,0.12
2023-06-29 00:00:00,2023-07-06 00:00:00,5,-0.008293039485327891,0.0,0.55,0.7,0.06,0.85,0.15,0.12
2023-07-07 00:00:00,2023-07-13 00:00:00,5,0.03515469080721556,0.0,0.55,0.7,0.06,0.85,0.15,0.12
2023-07-14 00:00:00,2023-07-20 00:00:00,5,-0.012850688913665254,0.0,0.55,0.7,0.06,0.85,0.15,0.12
2023-07-21 00:00:00,2023-07-27 00:00:00,5,0.01353871074427282,0.0,0.55,0.7,0.06,0.85,0.15,0.12
2023-07-28 00:00:00,2023-08-03 00:00:00,5,-0.01714994243482859,0.0,0.55,0.7,0.06,0.85,0.15,0.12
2023-08-04 00:00:00,2023-08-10 00:00:00,5,-0.01077948875927437,0.0,0.55,0.7,0.06,0.85,0.15,0.12
2023-08-11 00:00:00,2023-08-17 00:00:00,5,-0.014291718331345349,0.0,0.55,0.7,0.06,0.85,0.15,0.12
2023-08-18 00:00:00,2023-08-24 00:00:00,5,0.007645119549464896,0.0,0.55,0.7,0.06,0.85,0.15,0.12
2023-08-25 00:00:00,2023-08-31 00:00:00,5,0.02178933117143278,0.0,0.55,0.7,0.06,0.85,0.15,0.12
2023-09-01 00:00:00,2023-09-08 00:00:00,5,-0.011649064600519732,0.04260413077940357,0.55,0.7,0.06,0.85,0.15,0.12
2023-09-11 00:00:00,2023-09-15 00:00:00,5,-0.005991830710432633,0.0,0.55,0.7,0.06,0.85,0.15,0.12
2023-09-18 00:00:00,2023-09-22 00:00:00,5,-0.036452610031431854,0.0,0.55,0.7,0.06,0.85,0.15,0.12
2023-09-25 00:00:00,2023-09-29 00:00:00,5,-0.0016388202360559934,0.03740743513626184,0.55,0.7,0.06,0.85,0.15,0.12
2023-10-02 00:00:00,2023-10-06 00:00:00,5,0.030679961863150806,0.0,0.55,0.7,0.06,0.85,0.15,0.12
2023-10-09 00:00:00,2023-10-13 00:00:00,5,-0.0030454685754274236,0.04582141713940642,0.55,0.7,0.06,0.85,0.15,0.12
2023-10-16 00:00:00,2023-10-20 00:00:00,5,-0.020668287128737584,0.0,0.55,0.7,0.06,0.85,0.15,0.12
2023-10-23 00:00:00,2023-10-27 00:00:00,5,-0.01710505141055707,0.06286686735264571,0.55,0.7,0.06,0.85,0.15,0.12
2023-10-30 00:00:00,2023-11-03 00:00:00,5,0.040225343678280234,0.180559189053579,0.55,0.7,0.06,0.85,0.15,0.12
2023-11-06 00:00:00,2023-11-10 00:00:00,5,0.02938881086292011,0.026922396463385744,0.55,0.7,0.06,0.85,0.15,0.12
2023-11-13 00:00:00,2023-11-17 00:00:00,5,0.007215266596508618,0.0,0.55,0.7,0.06,0.85,0.15,0.12
2023-11-20 00:00:00,2023-11-27 00:00:00,5,0.004199618364779445,0.0,0.55,0.7,0.06,0.85,0.15,0.12
2023-11-28 00:00:00,2023-12-04 00:00:00,5,-0.010395688565033145,0.026201169687981453,0.55,0.7,0.06,0.85,0.15,0.12
2023-12-05 00:00:00,2023-12-11 00:00:00,5,0.044286318801574076,0.0,0.55,0.7,0.06,0.85,0.15,0.12
2023-12-12 00:00:00,2023-12-18 00:00:00,5,0.0011599885977380264,0.0,0.55,0.7,0.06,0.85,0.15,0.12
2023-12-19 00:00:00,2023-12-26 00:00:00,5,0.0190382329610852,0.0,0.55,0.7,0.06,0.85,0.15,0.12
2023-12-27 00:00:00,2024-01-03 00:00:00,5,-0.03272062488346028,0.0,0.55,0.7,0.06,0.85,0.15,0.12
2024-01-04 00:00:00,2024-01-10 00:00:00,5,0.029723643078756856,0.0,0.55,0.7,0.06,0.85,0.15,0.12
2024-01-11 00:00:00,2024-01-18 00:00:00,5,0.026102341315364708,0.0,0.55,0.7,0.06,0.85,0.15,0.12
2024-01-19 00:00:00,2024-01-25 00:00:00,5,0.013950225500480418,0.0,0.55,0.7,0.06,0.85,0.15,0.12
2024-01-26 00:00:00,2024-02-01 00:00:00,5,0.0002784486535305497,0.0,0.55,0.7,0.06,0.85,0.15,0.12
2024-02-02 00:00:00,2024-02-08 00:00:00,5,0.014493002621157158,0.0,0.55,0.7,0.06,0.85,0.15,0.12
2024-02-09 00:00:00,2024-02-15 00:00:00,5,-0.01701686384758827,0.0,0.55,0.7,0.06,0.85,0.15,0.12
2024-02-16 00:00:00,2024-02-23 00:00:00,5,0.0215717992585156,0.0,0.55,0.7,0.06,0.85,0.15,0.12
2024-02-26 00:00:00,2024-03-01 00:00:00,5,-0.0014853056112168472,0.025929736483166498,0.55,0.7,0.06,0.85,0.15,0.12
2024-03-04 00:00:00,2024-03-08 00:00:00,5,0.014632862797937296,0.0,0.55,0.7,0.06,0.85,0.15,0.12
2024-03-11 00:00:00,2024-03-15 00:00:00,5,-0.009449790187351481,0.0,0.55,0.7,0.06,0.85,0.15,0.12
2024-03-18 00:00:00,2024-03-22 00:00:00,5,0.009771078049554571,0.0,0.55,0.7,0.06,0.85,0.15,0.12
2024-03-25 00:00:00,2024-04-01 00:00:00,5,-0.002990417302848214,0.0,0.55,0.7,0.06,0.85,0.15,0.12
2024-04-02 00:00:00,2024-04-08 00:00:00,5,-0.008525875301152785,0.0,0.55,0.7,0.06,0.85,0.15,0.12
2024-04-09 00:00:00,2024-04-15 00:00:00,5,-0.023964388604186482,0.0,0.55,0.7,0.06,0.85,0.15,0.12
2024-04-16 00:00:00,2024-04-22 00:00:00,5,0.0010205409789740827,0.0,0.55,0.7,0.06,0.85,0.15,0.12
2024-04-23 00:00:00,2024-04-29 00:00:00,5,-0.009457742927602042,0.0,0.55,0.7,0.06,0.85,0.15,0.12
2024-04-30 00:00:00,2024-05-06 00:00:00,5,0.03429498750405502,0.03747784881060725,0.55,0.7,0.06,0.85,0.15,0.12
2024-05-07 00:00:00,2024-05-13 00:00:00,5,0.025301547409044556,0.03427342136190137,0.55,0.7,0.06,0.85,0.15,0.12
2024-05-14 00:00:00,2024-05-20 00:00:00,5,0.004615457054311989,0.0,0.55,0.7,0.06,0.85,0.15,0.12
2024-05-21 00:00:00,2024-05-28 00:00:00,5,-0.008333690305256547,0.0,0.55,0.7,0.06,0.85,0.15,0.12
2024-05-29 00:00:00,2024-06-04 00:00:00,5,0.023969749850951905,0.0,0.55,0.7,0.06,0.85,0.15,0.12
2024-06-05 00:00:00,2024-06-11 00:00:00,5,0.02441431045801945,0.0,0.55,0.7,0.06,0.85,0.15,0.12
2024-06-12 00:00:00,2024-06-18 00:00:00,5,0.006077711536109698,0.0,0.55,0.7,0.06,0.85,0.15,0.12
2024-06-20 00:00:00,2024-06-26 00:00:00,5,-0.001288504600904683,0.0,0.55,0.7,0.06,0.85,0.15,0.12
2024-06-27 00:00:00,2024-07-03 00:00:00,5,0.03252025498216371,0.0,0.55,0.7,0.06,0.85,0.15,0.12
2024-07-05 00:00:00,2024-07-11 00:00:00,5,-0.0013179606493485263,0.0,0.55,0.7,0.06,0.85,0.15,0.12
2024-07-12 00:00:00,2024-07-18 00:00:00,5,-0.023175272677344427,0.0,0.55,0.7,0.06,0.85,0.15,0.12
2024-07-19 00:00:00,2024-07-25 00:00:00,5,-0.03104338958038433,0.0351627758080356,0.55,0.7,0.06,0.85,0.15,0.12
2024-07-26 00:00:00,2024-08-01 00:00:00,5,-0.040578508228266696,0.0,0.55,0.7,0.06,0.85,0.15,0.12
2024-08-02 00:00:00,2024-08-08 00:00:00,5,0.014822231394132857,0.0996350080859062,0.55,0.7,0.06,0.85,0.15,0.12
2024-08-09 00:00:00,2024-08-15 00:00:00,5,0.024237116039286688,0.05488215501494309,0.55,0.7,0.06,0.85,0.15,0.12
2024-08-16 00:00:00,2024-08-22 00:00:00,5,-0.007444951957634394,0.12028149275921676,0.55,0.7,0.06,0.85,0.15,0.12
2024-08-23 00:00:00,2024-08-29 00:00:00,5,-0.018304052741268007,0.0,0.55,0.7,0.06,0.85,0.15,0.12
2024-08-30 00:00:00,2024-09-06 00:00:00,5,-0.0007969036510674377,0.0,0.55,0.7,0.06,0.85,0.15,0.12
2024-09-09 00:00:00,2024-09-13 00:00:00,5,0.012960757358530417,0.09924722239888545,0.55,0.7,0.06,0.85,0.15,0.12
2024-09-16 00:00:00,2024-09-20 00:00:00,5,0.01557990011138255,0.09518517185606752,0.55,0.7,0.06,0.85,0.15,0.12
2024-09-23 00:00:00,2024-09-27 00:00:00,5,-0.006157895562558635,0.03257690697378317,0.55,0.7,0.06,0.85,0.15,0.12
2024-09-30 00:00:00,2024-10-04 00:00:00,5,0.00941599655751868,0.028506089476911488,0.55,0.7,0.06,0.85,0.15,0.12
2024-10-07 00:00:00,2024-10-11 00:00:00,5,0.0026066459942537534,0.0,0.55,0.7,0.06,0.85,0.15,0.12
2024-10-14 00:00:00,2024-10-18 00:00:00,5,0.006852043488354109,0.026163255499004067,0.55,0.7,0.06,0.85,0.15,0.12
2024-10-21 00:00:00,2024-10-25 00:00:00,5,0.006979590092065946,0.0,0.55,0.7,0.06,0.85,0.15,0.12
2024-10-28 00:00:00,2024-11-01 00:00:00,5,-0.013801747199042258,0.0,0.55,0.7,0.06,0.85,0.15,0.12
2024-11-04 00:00:00,2024-11-08 00:00:00,5,0.03542885504098581,0.0,0.55,0.7,0.06,0.85,0.15,0.12
2024-11-11 00:00:00,2024-11-15 00:00:00,5,-0.015463863482523599,0.0,0.55,0.7,0.06,0.85,0.15,0.12
2024-11-18 00:00:00,2024-11-22 00:00:00,5,0.01070529695746436,0.0,0.55,0.7,0.06,0.85,0.15,0.12
2024-11-25 00:00:00,2024-12-02 00:00:00,5,0.024490825626887425,0.0,0.55,0.7,0.06,0.85,0.15,0.12
2024-12-03 00:00:00,2024-12-09 00:00:00,5,0.010576187787644464,0.0,0.55,0.7,0.06,0.85,0.15,0.12
2024-12-10 00:00:00,2024-12-16 00:00:00,5,-0.023204851694618833,0.0,0.55,0.7,0.06,0.85,0.15,0.12
2024-12-17 00:00:00,2024-12-23 00:00:00,5,0.023015123341715515,0.0,0.55,0.7,0.06,0.85,0.15,0.12
2024-12-24 00:00:00,2024-12-31 00:00:00,5,-0.017848884396286624,0.0,0.55,0.7,0.06,0.85,0.15,0.12
2025-01-02 00:00:00,2025-01-08 00:00:00,5,-0.02139747770356748,0.035147432455619264,0.55,0.7,0.06,0.85,0.15,0.12
2025-01-10 00:00:00,2025-01-16 00:00:00,5,0.029049861829192336,0.0426844900359991,0.55,0.7,0.06,0.85,0.15,0.12
2025-01-17 00:00:00,2025-01-24 00:00:00,5,-0.0034448594256761833,0.024702623796460443,0.55,0.7,0.06,0.85,0.15,0.12
2025-01-27 00:00:00,2025-01-31 00:00:00,5,0.004365232675279884,0.03729886302581029,0.55,0.7,0.06,0.85,0.15,0.12
2025-02-03 00:00:00,2025-02-07 00:00:00,5,0.0054154284812715225,0.0,0.55,0.7,0.06,0.85,0.15,0.12
2025-02-10 00:00:00,2025-02-14 00:00:00,5,0.018123878920204062,0.0,0.55,0.7,0.06,0.85,0.15,0.12
2025-02-18 00:00:00,2025-02-24 00:00:00,5,-0.035801113490825154,0.0,0.55,0.7,0.06,0.85,0.15,0.12
2025-02-25 00:00:00,2025-03-03 00:00:00,5,-0.020035355684067002,0.0,0.55,0.7,0.06,0.85,0.15,0.12
2025-03-04 00:00:00,2025-03-10 00:00:00,5,-0.02729227124686806,0.11715758443691664,0.55,0.7,0.06,0.85,0.15,0.12
2025-03-11 00:00:00,2025-03-17 00:00:00,5,0.00444014265406012,0.12157269768259309,0.55,0.7,0.06,0.85,0.15,0.12
2025-03-18 00:00:00,2025-03-24 00:00:00,5,-0.001649781950963658,0.02747344909572446,0.55,0.7,0.06,0.85,0.15,0.12
2025-03-25 00:00:00,2025-03-31 00:00:00,5,0.0014621241269034968,0.09153039478679116,0.55,0.7,0.06,0.85,0.15,0.12
2025-04-01 00:00:00,2025-04-07 00:00:00,5,-0.005106083344921797,0.042414078991144785,0.55,0.7,0.06,0.85,0.15,0.12
2025-04-08 00:00:00,2025-04-14 00:00:00,5,-0.0056905411216983115,0.004577393957955311,0.55,0.7,0.06,0.85,0.15,0.12
2025-04-15 00:00:00,2025-04-22 00:00:00,5,0.008266870067510368,0.0033678875968363607,0.55,0.7,0.06,0.85,0.15,0.12
2025-04-23 00:00:00,2025-04-29 00:00:00,5,0.009869968463003476,0.0011362052327525962,0.55,0.7,0.06,0.85,0.15,0.12
2025-04-30 00:00:00,2025-05-06 00:00:00,5,-0.0018244959697163443,0.03694313584898738,0.55,0.7,0.06,0.85,0.15,0.12
2025-05-07 00:00:00,2025-05-13 00:00:00,5,0.023657494853681182,0.05816584896221642,0.55,0.7,0.06,0.85,0.15,0.12
2025-05-14 00:00:00,2025-05-20 00:00:00,5,-0.008814262233376002,0.13412807137304045,0.55,0.7,0.06,0.85,0.15,0.12
2025-05-21 00:00:00,2025-05-28 00:00:00,5,0.009422271509345936,0.04490602070174883,0.55,0.7,0.06,0.85,0.15,0.12
2025-05-29 00:00:00,2025-06-04 00:00:00,5,0.01692287090223865,0.0,0.55,0.7,0.06,0.85,0.15,0.12
2025-06-05 00:00:00,2025-06-11 00:00:00,5,-0.0038714829661051775,0.0,0.55,0.7,0.06,0.85,0.15,0.12
2025-06-12 00:00:00,2025-06-18 00:00:00,5,0.009259962931338794,0.0,0.55,0.7,0.06,0.85,0.15,0.12
2025-06-20 00:00:00,2025-06-26 00:00:00,5,0.032777331144409505,0.0,0.55,0.7,0.06,0.85,0.15,0.12
2025-06-27 00:00:00,2025-07-03 00:00:00,5,-4.252424645434516e-05,0.0,0.55,0.7,0.06,0.85,0.15,0.12
2025-07-07 00:00:00,2025-07-11 00:00:00,5,0.006745640773546446,0.027020233517609737,0.55,0.7,0.06,0.85,0.15,0.12
2025-07-14 00:00:00,2025-07-18 00:00:00,5,0.008120708077696381,0.0,0.55,0.7,0.06,0.85,0.15,0.12
2025-07-21 00:00:00,2025-07-25 00:00:00,5,0.009918657232713013,0.0,0.55,0.7,0.06,0.85,0.15,0.12
2025-07-28 00:00:00,2025-08-01 00:00:00,5,-0.010722167339096256,0.0,0.55,0.7,0.06,0.85,0.15,0.12
2025-08-04 00:00:00,2025-08-08 00:00:00,5,0.03214143261209368,0.0,0.55,0.7,0.06,0.85,0.15,0.12
2025-08-11 00:00:00,2025-08-15 00:00:00,5,-0.016997157234317495,0.0,0.55,0.7,0.06,0.85,0.15,0.12
2025-08-18 00:00:00,2025-08-22 00:00:00,5,0.00564647668778262,0.0,0.55,0.7,0.06,0.85,0.15,0.12
2025-08-25 00:00:00,2025-08-29 00:00:00,5,-0.0038215601060120896,0.0,0.55,0.7,0.06,0.85,0.15,0.12
2025-09-02 00:00:00,2025-09-08 00:00:00,5,0.01780782841362738,0.0,0.55,0.7,0.06,0.85,0.15,0.12
2025-09-09 00:00:00,2025-09-15 00:00:00,5,0.014624152162859172,0.0,0.55,0.7,0.06,0.85,0.15,0.12
2025-09-16 00:00:00,2025-09-22 00:00:00,5,0.010289524572440367,0.0,0.55,0.7,0.06,0.85,0.15,0.12
2025-09-23 00:00:00,2025-09-29 00:00:00,5,0.011180656086712482,0.0,0.55,0.7,0.06,0.85,0.15,0.12
2025-09-30 00:00:00,2025-10-06 00:00:00,5,0.012404100206204305,0.0,0.55,0.7,0.06,0.85,0.15,0.12
2025-10-07 00:00:00,2025-10-13 00:00:00,5,-0.013326459970769089,0.0,0.55,0.7,0.06,0.85,0.15,0.12
2025-10-14 00:00:00,2025-10-20 00:00:00,5,0.005358075825728559,0.0,0.55,0.7,0.06,0.85,0.15,0.12
2025-10-21 00:00:00,2025-10-27 00:00:00,5,0.04533237031263648,0.0,0.55,0.7,0.06,0.85,0.15,0.12
2025-10-28 00:00:00,2025-11-03 00:00:00,5,-0.0182379825213842,0.0,0.55,0.7,0.06,0.85,0.15,0.12
2025-11-04 00:00:00,2025-11-10 00:00:00,5,-0.0027709895183499755,0.0,0.55,0.7,0.06,0.85,0.15,0.12
2025-11-11 00:00:00,2025-11-17 00:00:00,5,-0.03142140437024665,0.0,0.55,0.7,0.06,0.85,0.15,0.12
2025-11-18 00:00:00,2025-11-24 00:00:00,5,0.02071410875112667,0.04164999648467318,0.55,0.7,0.06,0.85,0.15,0.12
2025-11-25 00:00:00,2025-12-02 00:00:00,5,0.010620673370949518,0.0,0.55,0.7,0.06,0.85,0.15,0.12
2025-12-03 00:00:00,2025-12-09 00:00:00,5,0.003209004123368109,0.0,0.55,0.7,0.06,0.85,0.15,0.12
2025-12-10 00:00:00,2025-12-16 00:00:00,5,-0.02092348610104422,0.0,0.55,0.7,0.06,0.85,0.15,0.12
2025-12-17 00:00:00,2025-12-23 00:00:00,5,0.020794554057430137,0.0,0.55,0.7,0.06,0.85,0.15,0.12
2025-12-24 00:00:00,2025-12-31 00:00:00,5,-0.007723522154681861,0.0,0.55,0.7,0.06,0.85,0.15,0.12
2026-01-02 00:00:00,2026-01-08 00:00:00,5,0.011862197675049035,0.0,0.55,0.7,0.06,0.85,0.15,0.12
2026-01-09 00:00:00,2026-01-15 00:00:00,5,-0.026862607306549435,0.028299275978325066,0.55,0.7,0.06,0.85,0.15,0.12
2026-01-16 00:00:00,2026-01-23 00:00:00,5,0.033822274218880066,0.0,0.55,0.7,0.06,0.85,0.15,0.12
2026-01-26 00:00:00,2026-01-30 00:00:00,5,-0.02051962548095021,0.0,0.55,0.7,0.06,0.85,0.15,0.12
2026-02-02 00:00:00,2026-02-06 00:00:00,5,-0.006375790784470037,0.0,0.55,0.7,0.06,0.85,0.15,0.12
2026-02-09 00:00:00,2026-02-13 00:00:00,5,-0.006656032507711074,0.03949340700928885,0.55,0.7,0.06,0.85,0.15,0.12
2026-02-17 00:00:00,2026-02-23 00:00:00,5,0.01353568289666085,0.02616556260688476,0.55,0.7,0.06,0.85,0.15,0.12
2026-02-24 00:00:00,2026-03-02 00:00:00,5,-0.007254926186822441,0.0,0.55,0.7,0.06,0.85,0.15,0.12
2026-03-03 00:00:00,2026-03-09 00:00:00,5,-0.005041635207431838,0.0,0.55,0.7,0.06,0.85,0.15,0.12
2026-03-10 00:00:00,2026-03-16 00:00:00,5,-0.01550928824133102,0.0,0.55,0.7,0.06,0.85,0.15,0.12
2026-03-17 00:00:00,2026-03-23 00:00:00,5,-0.008333773559649149,0.0,0.55,0.7,0.06,0.85,0.15,0.12
2026-03-24 00:00:00,2026-03-30 00:00:00,5,-0.0029517411478636735,0.09345028890233661,0.55,0.7,0.06,0.85,0.15,0.12
2026-03-31 00:00:00,2026-04-07 00:00:00,5,0.016740520689134675,0.056680948291849755,0.55,0.7,0.06,0.85,0.15,0.12
2026-04-08 00:00:00,2026-04-14 00:00:00,5,0.027793946632736155,0.09188169866762969,0.55,0.7,0.06,0.85,0.15,0.12
2026-04-15 00:00:00,2026-04-21 00:00:00,5,0.013891053915164209,0.10830636410877284,0.55,0.7,0.06,0.85,0.15,0.12
2026-04-22 00:00:00,2026-04-28 00:00:00,5,0.020745498474744162,0.0,0.55,0.7,0.06,0.85,0.15,0.12
2026-04-29 00:00:00,2026-05-05 00:00:00,5,0.03439545865269067,0.0,0.55,0.7,0.06,0.85,0.15,0.12
2026-05-06 00:00:00,2026-05-12 00:00:00,5,0.029686764522246056,0.0,0.55,0.7,0.06,0.85,0.15,0.12
2026-05-13 00:00:00,2026-05-19 00:00:00,5,-0.006631228156133262,0.0,0.55,0.7,0.06,0.85,0.15,0.12
2026-05-20 00:00:00,2026-05-27 00:00:00,5,0.02953011354043711,0.02416253862719566,0.55,0.7,0.06,0.85,0.15,0.12
2026-05-28 00:00:00,2026-06-03 00:00:00,5,-0.04115455056151196,0.0,0.55,0.7,0.06,0.85,0.15,0.12
