Date,Close,direction_pred_label,final_direction,risk_pred_label,final_risk,prob_상승,prob_하락,prob_횡보,prob_고변동,prob_정상,stock_weight,bond_weight,cash_weight,allocation_reason,QQQ_next_month_return,IEF_next_month_return,BIL_next_month_return,strategy_return,qqq_benchmark_return,benchmark_60_40_return,static_50_30_20_return,strategy_capital,qqq_capital,benchmark_60_40_capital,static_50_30_20_capital
2013-03-28,61.88863754272461,횡보,불확실,정상,정상,43.1294,12.1129,44.7578,2.0296,97.9704,0.6627917692590487,0.23942082176259705,0.0977874089783543,"확률 기반 동적 배분: 상승 43.1%, 하락 12.1%, 횡보 44.8%, 고변동 2.0% 반영",0.025373503696898503,0.015252891941041069,-0.0002183489808182948,0.020447857549261234,0.025373503696898503,0.021325258994555528,0.017218949634597913,102044785.75492613,102537350.36968985,102132525.89945556,101721894.96345977
2013-04-30,63.45896911621094,횡보,횡보,정상,정상,24.0035,14.438,61.5585,4.1932,95.8068,0.70914699,0.19146654200000002,0.09938646800000002,"확률 기반 동적 배분: 상승 24.0%, 하락 14.4%, 횡보 61.6%, 고변동 4.2% 반영",0.03577481931891224,-0.031050124753300268,0.0002183966675080029,0.019446251096024054,0.03577481931891224,0.009044841690027238,0.008616051566967643,104029174.2817564,106205605.55260551,103056298.42761874,102598336.0559546
2013-05-31,65.72920227050781,횡보,횡보,정상,정상,11.2883,17.5844,71.1273,3.3248,96.6752,0.66948291,0.21867177800000004,0.111845312,"확률 기반 동적 배분: 상승 11.3%, 하락 17.6%, 횡보 71.1%, 고변동 3.3% 반영",-0.02395320024078207,-0.025461388355393688,-0.0002183489808182948,-0.021628366572918417,-0.02395320024078207,-0.024556475486626716,-0.0196586864231728,101779193.16611256,103661641.41611044,100525598.96153843,100581387.53989129
2013-06-28,64.15477752685547,횡보,횡보,정상,정상,21.8045,23.5824,54.6131,1.5379,98.4621,0.6809958300000001,0.211342849,0.107661321,"확률 기반 동적 배분: 상승 21.8%, 하락 23.6%, 횡보 54.6%, 고변동 1.5% 반영",0.06314040073041705,-0.003527243678844938,0.0,0.04225289187373864,0.06314040073041705,0.03647334296671225,0.030512027261555042,106079658.40995666,110206878.99549645,104192103.6093968,103650329.57851349
2013-07-31,68.20553588867188,상승,불확실,정상,정상,43.3305,15.7878,40.8816,4.0322,95.9678,0.6669308872250921,0.23549919800050997,0.097569914774398,"확률 기반 동적 배분: 상승 43.3%, 하락 15.8%, 횡보 40.9%, 고변동 4.0% 반영",-0.003959133031075757,-0.014225416042305872,0.0,-0.005990542174244144,-0.003959133031075757,-0.008065646235567802,-0.00624719132822964,105444183.74242242,109770555.30061361,103351726.96114378,103002806.13840246
2013-08-30,67.93550109863281,횡보,횡보,정상,정상,25.4412,21.5897,52.9691,2.2184,97.7816,0.6948407799999999,0.20172626400000002,0.10343295600000002,"확률 기반 동적 배분: 상승 25.4%, 하락 21.6%, 횡보 53.0%, 고변동 2.2% 반영",0.048321612965753546,0.01846265641115452,-0.0002183966675080029,0.03727764053241925,0.048321612965753546,0.03637803034391393,0.02965592407272153,109374894.12020682,115074845.58888571,107111459.22063217,106057449.53652017
2013-09-30,71.21825408935547,횡보,횡보,정상,정상,36.4071,17.3377,46.2553,10.3905,89.6095,0.6961563078586782,0.2048294127333833,0.09901427940793847,"확률 기반 동적 배분: 상승 36.4%, 하락 17.3%, 횡보 46.3%, 고변동 10.4% 반영",0.04956892649901934,0.0077778572962141634,-0.0002184443750316012,0.03607922568599864,0.04956892649901934,0.032852498817897265,0.027074131563367597,113321055.60955198,120778982.15176718,110630338.30806124,108928862.87854713
2013-10-31,74.74846649169922,횡보,횡보,정상,정상,14.7682,19.5444,65.6874,11.8485,88.1515,0.65696,0.22358014500000004,0.119459855,"확률 기반 동적 배분: 상승 14.8%, 하락 19.5%, 횡보 65.7%, 고변동 11.8% 반영",0.03551155399818584,-0.008763158941262672,-0.00021838899245241183,0.02134431345053065,0.03551155399818584,0.017801668822406434,0.015083151518223635,115739815.74102728,125068031.49829559,112599742.95233214,110571853.42205207
2013-11-29,77.40290069580078,횡보,횡보,정상,정상,18.2709,20.8578,60.8713,11.2306,88.7694,0.66288877,0.21975185600000002,0.11735937400000002,"확률 기반 동적 배분: 상승 18.3%, 하락 20.9%, 횡보 60.9%, 고변동 11.2% 반영",0.029271135267545656,-0.020906537936251968,0.0,0.01480925633998118,0.029271135267545656,0.009200065986026606,0.008363606252897237,117453836.34107833,128728914.76592787,113635668.01750322,111496632.86672719
2013-12-31,79.66857147216797,횡보,횡보,정상,정상,10.5172,23.9379,65.5449,13.8196,86.1804,0.62960402,0.241190436,0.129205544,"확률 기반 동적 배분: 상승 10.5%, 하락 23.9%, 횡보 65.5%, 고변동 13.8% 반영",-0.019213260962435696,0.030632555875022005,0.0,-0.0047084668319676655,-0.019213260962435696,0.0007250657725473841,-0.0004168637187112467,116900808.848379,126255612.53311895,113718061.35092328,111450153.96572658
2014-01-31,78.13787841796875,횡보,횡보,정상,정상,21.8493,17.1441,61.0066,10.0605,89.9395,0.68508205,0.205293395,0.10962455500000001,"확률 기반 동적 배분: 상승 21.8%, 하락 17.1%, 횡보 61.0%, 고변동 10.1% 반영",0.0515244166781883,0.003574724161909515,0.00021843669662247045,0.036056266287997275,0.0515244166781883,0.03234453967167678,0.0268783129269915,121115815.54149842,132760859.32123527,117396219.69767441,114445746.07977876
2014-02-28,82.16388702392578,횡보,횡보,정상,정상,32.6499,16.8358,50.5144,12.9962,87.0038,0.7077241588826811,0.18869371383320818,0.10358212728411072,"확률 기반 동적 배분: 상승 32.6%, 하락 16.8%, 횡보 50.5%, 고변동 13.0% 반영",-0.027335915653493692,-0.005610252960495221,-0.00021838899245241183,-0.020427528576229988,-0.027335915653493692,-0.018645650576294304,-0.015394711513385895,118641718.75849107,129131719.66874464,115207290.80621369,112683886.83494635
2014-03-31,79.91786193847656,하락,하락,정상,정상,22.8135,52.6259,24.5605,10.4181,89.5819,0.5663026070551871,0.2833680347293738,0.15032935821543925,"확률 기반 동적 배분: 상승 22.8%, 하락 52.6%, 횡보 24.6%, 고변동 10.4% 반영",-0.003193605647888731,0.007582399099728798,0.0,0.0003400623271183642,-0.003193605647888731,0.001116796251158281,0.0006779169059742741,118682064.3374654,128719323.87948895,115335953.87669216,112760277.14686266
2014-04-30,79.66263580322266,상승,상승,정상,정상,48.7988,15.0839,36.1173,12.7264,87.2736,0.7377879204713332,0.17181282384373336,0.09039925568493334,"확률 기반 동적 배분: 상승 48.8%, 하락 15.1%, 횡보 36.1%, 고변동 12.7% 반영",0.044856501545126326,0.018254425214862202,0.0,0.03623092933840762,0.044856501545126326,0.03421567101302068,0.027904578337021823,122982025.82421245,134493222.42997685,119282250.93050997,115906805.13381156
2014-05-30,83.23602294921875,횡보,횡보,정상,정상,25.7134,30.4541,43.8325,15.84,84.16,0.645013602752,0.2321851620192,0.12280123522879999,"확률 기반 동적 배분: 상승 25.7%, 하락 30.5%, 횡보 43.8%, 고변동 15.8% 반영",0.031238015485367754,-0.002167872485560607,-0.0002185398300958985,0.0196187601256605,0.031238015485367754,0.017875660296996408,0.014924938030996515,125394780.68862545,138694523.7949215,121414499.92760485,117636707.0178045
2014-06-30,85.83615112304688,횡보,횡보,정상,정상,10.0929,34.9365,54.9705,27.2225,72.7775,0.5714221704226704,0.27476534771512273,0.1538124818622069,"확률 기반 동적 배분: 상승 10.1%, 하락 34.9%, 횡보 55.0%, 고변동 27.2% 반영",0.011819958836397637,-0.0022048845049998933,-0.00021869075620994938,0.006114723306940002,0.011819958836397637,0.006210021499838625,0.0052047759154568605,126161535.07667083,140333887.35701123,122168486.58254744,118248979.71726441
2014-07-31,86.8507308959961,횡보,횡보,정상,정상,26.0358,21.3556,52.6086,19.5013,80.4987,0.66592036,0.214246393,0.119833247,"확률 기반 동적 배분: 상승 26.0%, 하락 21.4%, 횡보 52.6%, 고변동 19.5% 반영",0.05009461335897947,0.018801905099866456,0.00021873859231802406,0.03741347546700879,0.05009461335897947,0.03757753005533426,0.030731625927913276,130881676.57414202,147363859.1853233,126759276.55891782,121882963.1282928
2014-08-29,91.20148468017578,횡보,횡보,정상,정상,28.6811,24.4809,46.8379,23.1661,76.8339,0.6565610682600482,0.21896847120393023,0.12447046053602154,"확률 기반 동적 배분: 상승 28.7%, 하락 24.5%, 횡보 46.8%, 고변동 23.2% 반영",-0.007566696929996675,-0.010494305483606303,0.0,-0.0072659206476509385,-0.007566696929996675,-0.008737740351440527,-0.006931640110080228,129930700.6979228,146248801.52443326,125651686.91320956,121038114.2923373
2014-09-30,90.51139068603516,횡보,횡보,정상,정상,38.3522,16.7677,44.88,10.5705,89.4295,0.6833138100751733,0.2181872716189278,0.09849891830589885,"확률 기반 동적 배분: 상승 38.4%, 하락 16.8%, 횡보 44.9%, 고변동 10.6% 반영",0.026419923481324048,0.015362626616743036,-0.00021869075620994938,0.021383487359395378,0.026419923481324048,0.021997004735491644,0.017775011574442945,132709072.19389422,150112683.66994414,128415647.66526194,123189568.17483236
2014-10-31,92.90269470214844,횡보,횡보,정상,정상,18.1384,31.8424,50.0192,18.5941,81.4059,0.61634942,0.24791074100000005,0.135739839,"확률 기반 동적 배분: 상승 18.1%, 하락 31.8%, 횡보 50.0%, 고변동 18.6% 반영",0.04546354905854022,0.012886721054805372,0.0,0.031216188659129913,0.04546354905854022,0.032432817857046284,0.026597790845711723,136851743.6282769,156937339.02828178,132580528.97598402,126466138.54352011
2014-11-28,97.12638092041016,하락,불확실,정상,정상,17.241,47.0287,35.7302,27.2985,72.7015,0.5695967839726339,0.28211289118030336,0.14829032484706267,"확률 기반 동적 배분: 상승 17.2%, 하락 47.0%, 횡보 35.7%, 고변동 27.3% 반영",-0.022405789412538124,0.0012938375012740977,-0.00021780998508658111,-0.012429556466991292,-0.022405789412538124,-0.012925938647013236,-0.01085830545290415,135150737.15324304,153421034.05905,130866801.1926519,125092930.58176528
2014-12-31,94.95018768310548,횡보,횡보,정상,정상,33.9773,21.1781,44.8446,10.8658,89.1342,0.6875650031548667,0.20899122047482668,0.10344377637030666,"확률 기반 동적 배분: 상승 34.0%, 하락 21.2%, 횡보 44.8%, 고변동 10.9% 반영",-0.020823746389302955,0.04302345293607712,-0.00021888944720660497,-0.005348798064731867,-0.020823746389302955,0.004715133340849078,0.002451384796730337,134427843.1519107,150226233.35501972,131483855.61016564,125399581.48997185
2015-01-30,92.97296905517578,횡보,횡보,정상,정상,25.4026,18.2214,56.3759,14.1889,85.8111,0.6833022888423088,0.20475138225837325,0.11194632889931791,"확률 기반 동적 배분: 상승 25.4%, 하락 18.2%, 횡보 56.4%, 고변동 14.2% 반영",0.07220564192817869,-0.02471777752305704,0.0,0.044277281282651806,0.07220564192817869,0.033436274147684394,0.02868748770717223,140379942.57536802,161073414.9688713,135880185.85234168,128996980.44244997
2015-02-27,99.68614196777344,횡보,횡보,정상,정상,27.7453,25.7942,46.4604,14.3332,85.6668,0.666180881980642,0.21603128642139444,0.1177878315979636,"확률 기반 동적 배분: 상승 27.7%, 하락 25.8%, 횡보 46.5%, 고변동 14.3% 반영",-0.023589816120572538,0.008560542418148964,0.0,-0.013865739517906546,-0.023589816120572538,-0.010729672705083937,-0.00922674533484158,138433470.85807928,157273722.72784296,134422235.93104008,127806758.15494394
2015-03-31,97.33456420898438,횡보,불확실,정상,정상,34.9698,29.0588,35.9714,9.9413,90.0587,0.6521603684010667,0.24711014314858665,0.10072948845034668,"확률 기반 동적 배분: 상승 35.0%, 하락 29.1%, 횡보 36.0%, 고변동 9.9% 반영",0.019223793126044164,-0.006329697907505261,-0.0002189373702865538,0.010950810001824293,0.019223793126044164,0.009002396712624395,0.007669199716713193,139949429.49533918,160297120.23772585,135632358.2258893,128786933.70837986
2015-04-30,99.20570373535156,횡보,횡보,정상,정상,34.1041,26.0259,39.87,21.564,78.436,0.657060286891,0.2352168743368667,0.10772283877213334,"확률 기반 동적 배분: 상승 34.1%, 하락 26.0%, 횡보 39.9%, 고변동 21.6% 반영",0.022484424855937934,-0.004163594499117407,-0.00021888206809694832,0.013770696364601424,0.022484424855937934,0.011825217113915796,0.009949357664614356,141876630.59531868,163901308.79233426,137236240.30958283,130068280.97437352
2015-05-29,101.43628692626952,상승,상승,정상,정상,36.9209,29.878,33.2011,13.5143,86.4857,0.6570285645798668,0.23956894998329328,0.10340248543684,"확률 기반 동적 배분: 상승 36.9%, 하락 29.9%, 횡보 33.2%, 고변동 13.5% 반영",-0.02484119199513024,-0.016308917658131805,0.0,-0.020228482997735928,-0.02484119199513024,-0.021428282260330868,-0.01731327129500466,139006681.5855452,159829804.91237074,134295503.4158825,127816373.53898929
2015-06-30,98.91648864746094,횡보,횡보,정상,정상,27.8863,23.3964,48.7173,11.1885,88.8115,0.67938725,0.208448775,0.11216397500000001,"확률 기반 동적 배분: 상승 27.9%, 하락 23.4%, 횡보 48.7%, 고변동 11.2% 반영",0.045577609323185664,0.015184309821409725,0.0,0.034129997441146795,0.045577609323185664,0.03342028952247529,0.02734409760801575,143750979.27236217,167114465.31886774,138783698.02160788,131311396.932942
2015-07-31,103.42486572265624,횡보,횡보,정상,정상,27.1088,17.3625,55.5286,15.9394,84.0606,0.6869935956845157,0.20155094264002865,0.11145546167545568,"확률 기반 동적 배분: 상승 27.1%, 하락 17.4%, 횡보 55.5%, 고변동 15.9% 반영",-0.06824460774275543,0.0007902520610172381,0.0,-0.04672433241145364,-0.06824460774275543,-0.04063066382124636,-0.03388522825307254,137034310.73236832,155709804.1850413,133144824.24342255,126861880.27563946
2015-08-31,96.3666763305664,하락,불확실,정상,정상,32.1838,37.1991,30.6171,38.6329,61.3671,0.6324677483073333,0.25068006030280665,0.11685219138986003,"확률 기반 동적 배분: 상승 32.2%, 하락 37.2%, 횡보 30.6%, 고변동 38.6% 반영",-0.02207272551370354,0.015791557892924413,-0.0004373436315796564,-0.010052762881524832,-0.02207272551370354,-0.006927012151052358,-0.006386364115290377,135656737.29994264,152272864.41747236,132222528.42803863,126051694.11584885
2015-09-30,94.2396011352539,상승,상승,정상,정상,53.9051,28.0923,18.0026,27.7781,72.2219,0.7004852699999999,0.18704619100000003,0.112468539,"확률 기반 동적 배분: 상승 53.9%, 하락 28.1%, 횡보 18.0%, 고변동 27.8% 반영",0.1136986180488242,-0.006368400236850924,-0.00021892246342836152,0.07842840026587496,0.1136986180488242,0.06567181073455415,0.054895004460671144,146296078.1916652,169586078.66807494,140905821.289809,132971302.42661352
2015-10-30,104.95451354980467,상승,상승,정상,정상,42.7767,31.8889,25.3344,15.8957,84.1043,0.6737083949974667,0.21656206150604002,0.10972954349649335,"확률 기반 동적 배분: 상승 42.8%, 하락 31.9%, 횡보 25.3%, 고변동 15.9% 반영",0.00608835120427309,-0.004276997797481252,0.00021897040096807707,0.0031995653800698555,0.00608835120427309,0.0019422116035713532,0.001804870343085785,146764162.05868724,170618578.27436167,141179490.21092883,133211298.3868448
2015-11-30,105.59351348876952,횡보,불확실,정상,정상,34.9228,30.042,35.0353,11.8315,88.1685,0.6501941320770104,0.24970224095489477,0.10010362696809484,"확률 기반 동적 배분: 상승 34.9%, 하락 30.0%, 횡보 35.0%, 고변동 11.8% 반영",-0.015947281113422362,-0.004530859812504007,-0.00021892246342836152,-0.011522109383778446,-0.015947281113422362,-0.01138071259305502,-0.009376682993148054,145073129.32982847,167897675.84344795,139572767.0088042,131962218.27076569
2015-12-31,103.90958404541016,횡보,횡보,정상,정상,24.2904,16.1601,59.5495,13.1071,86.8929,0.68865292,0.201643271,0.10970380900000001,"확률 기반 동적 배분: 상승 24.3%, 하락 16.2%, 횡보 59.5%, 고변동 13.1% 반영",-0.06910470521350887,0.03333708916284572,0.00021897040096807707,-0.04084293543956278,-0.06910470521350887,-0.028127987462967033,-0.024507431777707103,139147916.87459496,156295156.4482532,135646865.96820894,128728163.20926002
2016-01-29,96.72894287109376,하락,하락,정상,정상,21.9517,50.4718,27.5764,23.2548,76.7452,0.5492276330862731,0.2898886498522619,0.1608837170614651,"확률 기반 동적 배분: 상승 22.0%, 하락 50.5%, 횡보 27.6%, 고변동 23.3% 반영",-0.01565332560999555,0.014859674315009785,0.0,-0.004289588050284077,-0.01565332560999555,-0.0034481256399934157,-0.0033687605104948393,138551029.63314778,153848617.47310352,135179138.5316792,128294508.85645212
2016-02-29,95.21481323242188,상승,상승,정상,정상,61.7658,27.0806,11.1536,21.1277,78.8723,0.7351428400000001,0.166272777,0.098584383,"확률 기반 동적 배분: 상승 61.8%, 하락 27.1%, 횡보 11.2%, 고변동 21.1% 반영",0.06852590337368714,-0.0006610019621431373,0.0,0.050266420587849955,0.06852590337368714,0.04085114123935503,0.03406465109820063,145515493.96156725,164391232.96824077,140701360.6124512,132664816.53846216
2016-03-31,101.73949432373048,상승,상승,정상,정상,40.9526,32.3778,26.6697,15.5601,84.4399,0.66557177249587,0.2258418776120586,0.10858634989207151,"확률 기반 동적 배분: 상승 41.0%, 하락 32.4%, 횡보 26.7%, 고변동 15.6% 반영",-0.03186776590285623,-0.0015612191357380345,0.00043753498471876817,-0.021515363771485725,-0.03186776590285623,-0.01974514719600895,-0.01631474169520577,142384675.1745967,159152451.63952696,137923191.53647962,130500424.32459529
2016-04-29,98.49728393554688,횡보,횡보,정상,정상,24.4477,30.6387,44.9136,18.9796,81.0204,0.6357630426842,0.23581054574476001,0.12842641157104,"확률 기반 동적 배분: 상승 24.4%, 하락 30.6%, 횡보 44.9%, 고변동 19.0% 반영",0.043700285571851794,-0.0009925775792641867,0.0,0.027548966260668644,0.043700285571851794,0.0258231403114054,0.02155236951214664,146307225.78701794,166107459.22563463,141484801.46372297,133313017.6911309
2016-05-31,102.80164337158205,횡보,횡보,정상,정상,27.3472,15.3831,57.2697,11.575,88.425,0.7013836999999999,0.19365171,0.10496459000000001,"확률 기반 동적 배분: 상승 27.3%, 하락 15.4%, 횡보 57.3%, 고변동 11.6% 반영",-0.022780429015964332,0.030876260802596756,-0.00021862018135876404,-0.010021528265677638,-0.022780429015964332,-0.0013177530885398955,-0.002171060303474893,144841003.78832048,162323460.04172286,141298359.4296127,133023587.09048524
2016-06-30,100.45977783203124,상승,상승,정상,정상,48.5473,14.2514,37.2013,22.206,77.794,0.7170497543,0.1849187767,0.098031469,"확률 기반 동적 배분: 상승 48.5%, 하락 14.3%, 횡보 37.2%, 고변동 22.2% 반영",0.07150853042013261,0.0024647117319347434,0.00043764584751859736,0.05177384871183167,0.07150853042013261,0.043891002944853465,0.036581207899150446,152339980.00572684,173930972.1220176,147500086.13944077,137889750.58533305
2016-07-29,107.6435089111328,횡보,횡보,정상,정상,20.1806,35.0132,44.8062,16.7618,83.2382,0.6272998912866667,0.24954480438546667,0.12315530432786669,"확률 기반 동적 배분: 상승 20.2%, 하락 35.0%, 횡보 44.8%, 고변동 16.8% 반영",0.010500494363546942,-0.010114101362110883,0.0,0.004063037526766511,0.010500494363546942,0.002254656073283811,0.002216016773140206,152958943.06131697,175757333.31443107,147832648.10446498,138195316.58547425
2016-08-31,108.77381896972656,횡보,횡보,정상,정상,13.0797,32.5313,54.389,20.2168,79.7832,0.59871511,0.259202718,0.142082172,"확률 기반 동적 배분: 상승 13.1%, 하락 32.5%, 횡보 54.4%, 고변동 20.2% 반영",0.022135479317751283,0.002373970365907141,0.00021898531435549096,0.013899299415024501,0.022135479317751283,0.014230875737013626,0.011823727831518882,155084965.2091319,179647806.1309558,149936436.14951327,139829300.3963715
2016-09-30,111.18157958984376,횡보,횡보,정상,정상,40.9242,11.172,47.9037,14.1343,85.8657,0.6934371146752275,0.21008726860035837,0.09647561672441408,"확률 기반 동적 배분: 상승 40.9%, 하락 11.2%, 횡보 47.9%, 고변동 14.1% 반영",-0.014572087490166696,-0.014946608623841562,0.0002189373702865538,-0.01322379636677519,-0.014572087490166696,-0.014721895943636643,-0.011726238858178506,153034153.20965794,177029962.58259898,147729087.53836042,138189628.62055168
2016-10-31,109.56143188476562,상승,상승,정상,정상,51.0327,22.5824,26.3849,11.7109,88.2891,0.73875493,0.16789503900000002,0.09335003100000001,"확률 기반 동적 배분: 상승 51.0%, 하락 22.6%, 횡보 26.4%, 고변동 11.7% 반영",0.0043596169364217285,-0.04227220927759845,-0.00043777889441320994,-0.003917472393950124,0.0043596169364217285,-0.014293113549186342,-0.010589410093951312,152434646.13912758,177801745.4057282,145617578.91565692,136726281.9723578
2016-11-30,110.03907775878906,횡보,횡보,정상,정상,31.3931,20.0823,48.5247,13.1903,86.8097,0.6944932917641682,0.1974804862036568,0.10802622203217496,"확률 기반 동적 배분: 상승 31.4%, 하락 20.1%, 횡보 48.5%, 고변동 13.2% 반영",0.0113222994150608,-0.0011854711540160157,0.0002187788218384057,0.007652787420813451,0.0113222994150608,0.006319191187430073,0.005349264125693276,153601196.08159724,179814870.00373226,146537764.23707566,137457666.96755198
2016-12-30,111.28497314453124,상승,상승,정상,정상,39.9401,33.6927,26.3672,20.6689,79.3311,0.6548180490241333,0.23593461988324002,0.10924733109262667,"확률 기반 동적 배분: 상승 39.9%, 하락 33.7%, 횡보 26.4%, 고변동 20.7% 반영",0.05140081709302913,0.002194506135031915,0.0004373587125943157,0.034223723009984885,0.05140081709302913,0.031718292709830245,0.026446232129543,158858000.8702962,189057501.2474009,151185691.93619132,141092904.3361613
2017-01-31,117.00511169433594,횡보,횡보,정상,정상,16.9559,20.7141,62.33,25.0333,74.9667,0.63518751,0.232880143,0.131932347,"확률 기반 동적 배분: 상승 17.0%, 하락 20.7%, 횡보 62.3%, 고변동 25.0% 반영",0.04375051430957577,0.007236441578558628,0.0005033049637033216,0.02954140600026281,0.04375051430957577,0.029144885217168914,0.024146850621096137,163550889.57039574,197328864.16105795,155591981.57414988,144499853.6208632
2017-02-28,122.1241455078125,횡보,횡보,정상,정상,9.2612,25.4317,65.3071,23.5119,76.4881,0.60453648,0.25416399900000003,0.14129952100000004,"확률 기반 동적 배분: 상승 9.3%, 하락 25.4%, 횡보 65.3%, 고변동 23.5% 반영",0.020268811454148716,0.0008055148034469273,-0.0001749027902461231,0.012433255113489177,0.020268811454148716,0.012483492793868,0.010341079610059211,165584359.50446257,201328485.70319974,157534312.95491442,145994138.11079845
2017-03-31,124.59945678710938,횡보,횡보,정상,정상,25.5994,17.3779,57.0227,14.0622,85.9378,0.6865528399999999,0.20262720200000003,0.11081995800000001,"확률 기반 동적 배분: 상승 25.6%, 하락 17.4%, 횡보 57.0%, 고변동 14.1% 반영",0.027269815999755087,0.011087573921254146,0.0007439826164072905,0.021051261823844175,0.027269815999755087,0.02079691916835471,0.017109976699535248,169070119.21032453,206818676.46383533,160810541.32768008,148492094.41214293
2017-04-28,127.99726104736328,횡보,횡보,정상,정상,30.3347,16.7877,52.8776,14.5163,85.4837,0.6993443100000001,0.193764613,0.106891077,"확률 기반 동적 배분: 상승 30.3%, 하락 16.8%, 횡보 52.9%, 고변동 14.5% 반영",0.038973628969955376,0.008267721196974609,0.00015336519096642576,0.02887437082874985,0.038973628969955376,0.02669126586076307,0.021997803882263356,173951912.52846438,214879150.82439408,165102778.2394704,151758594.38308778
2017-05-31,132.98577880859375,횡보,횡보,정상,정상,14.7406,17.4681,67.7913,12.6019,87.3981,0.66176378,0.220084719,0.11815150100000002,"확률 기반 동적 배분: 상승 14.7%, 하락 17.5%, 횡보 67.8%, 고변동 12.6% 반영",-0.02317966127832305,-0.005095333084330189,0.0010285640088130155,-0.01633933883522307,-0.02317966127832305,-0.015945930000725906,-0.012912717762697978,171109653.2886267,209898324.89251092,162470060.89473844,149798978.4857552
2017-06-30,129.90321350097656,횡보,횡보,정상,정상,17.1895,13.6132,69.1973,11.0359,88.9641,0.68226953,0.206943329,0.11078714100000002,"확률 기반 동적 배분: 상승 17.2%, 하락 13.6%, 횡보 69.2%, 고변동 11.0% 반영",0.04061333411328594,0.003748362062495847,0.0003280899001327775,0.028521287042741445,0.04061333411328594,0.0258673452929699,0.02149679365541828,175989920.82585558,218422995.6911895,166672730.05967247,153019176.21605593
2017-07-31,135.17901611328125,횡보,횡보,정상,정상,38.4586,19.8586,41.6828,13.1839,86.8161,0.6635071797504,0.23603202166958667,0.10046079858001333,"확률 기반 동적 배분: 상승 38.5%, 하락 19.9%, 횡보 41.7%, 고변동 13.2% 반영",0.020735872254176835,0.014575727456870968,0.0011380069626514278,0.017313063626241174,0.020735872254176835,0.018271814335254488,0.014968255756679993,179036845.52269074,222952187.0272166,169718143.2380728,155309606.38133433
2017-08-31,137.98207092285156,횡보,횡보,정상,정상,27.8084,15.1258,57.0658,12.6139,87.3861,0.70143858,0.19319457900000003,0.10536684100000002,"확률 기반 동적 배분: 상승 27.8%, 하락 15.1%, 횡보 57.1%, 고변동 12.6% 반영",-0.0029524064080643786,-0.014415630022125425,0.0007216248771850786,-0.0047799179979038575,-0.0029524064080643786,-0.007537695853688797,-0.0056565672352328015,178181064.0824889,222293941.5615455,168438859.49349144,154431087.15056077
2017-09-29,137.57469177246094,상승,상승,정상,정상,44.6423,16.9811,38.3766,10.8331,89.1669,0.6880799463039333,0.21526508995571336,0.09665496374035334,"확률 기반 동적 배분: 상승 44.6%, 하락 17.0%, 횡보 38.4%, 고변동 10.8% 반영",0.04606395562602206,-0.0018900932330151443,0.0007001493364298117,0.03135648593259579,0.04606395562602206,0.026882336082407175,0.022604979710392447,183768196.11184642,232533679.82157007,172966889.5237328,157921998.74225304
2017-10-31,143.91192626953125,횡보,불확실,정상,정상,40.3686,18.4204,41.2109,22.3045,77.6955,0.6531172007518481,0.24642195056356903,0.10046084868458295,"확률 기반 동적 배분: 상승 40.4%, 하락 18.4%, 횡보 41.2%, 고변동 22.3% 반영",0.019717408167515105,-0.0027921930787973004,0.00054671161075448,0.012244643876023874,0.019717408167515105,0.010713567668990141,0.009130388482269259,186018372.2289753,237118641.29930624,174819981.99914008,159363887.94066626
2017-11-30,146.74949645996094,횡보,횡보,정상,정상,19.2953,17.7468,62.9579,17.3779,82.6221,0.6637176300000001,0.216767689,0.119514681,"확률 기반 동적 배분: 상승 19.3%, 하락 17.7%, 횡보 63.0%, 고변동 17.4% 반영",0.006031167548317562,0.0018475700891151803,0.0007442131121033757,0.004492430122474317,0.006031167548317562,0.004357728564636609,0.00371869742331401,186854046.76771036,238548743.55381176,175581800.02836698,159956514.02012053
2017-12-29,147.6345672607422,상승,상승,정상,정상,48.2827,13.9827,37.7345,11.9898,88.0102,0.7253684332114213,0.1836141294004749,0.09101743738810375,"확률 기반 동적 배분: 상승 48.3%, 하락 14.0%, 횡보 37.7%, 고변동 12.0% 반영",0.08757052307718394,-0.021502882725622396,0.001312425021492647,0.05969211359095616,0.08757052307718394,0.0439411607560614,0.03759688172520378,198007759.75229833,259438581.80622408,183297068.12925208,165970380.1589109
2018-01-31,160.56300354003906,횡보,횡보,정상,정상,14.0393,33.0972,52.8635,15.8757,84.1243,0.60723039,0.255186907,0.13758270300000003,"확률 기반 동적 배분: 상승 14.0%, 하락 33.1%, 횡보 52.9%, 고변동 15.9% 반영",-0.012928103614894937,-0.009327025492142704,0.0008316556202432324,-0.010116050758684906,-0.012928103614894937,-0.011487672365794043,-0.009095828331041634,196004703.20403057,256084532.93893182,181191411.4649726,164460742.07294774
2018-02-28,158.4872283935547,횡보,횡보,정상,정상,25.1319,27.6483,47.2198,23.7942,76.2058,0.6370552899999999,0.23184567200000006,0.13109903800000003,"확률 기반 동적 배분: 상승 25.1%, 하락 27.6%, 횡보 47.2%, 고변동 23.8% 반영",-0.04078834508130125,0.011557231515783695,0.0013018410422012128,-0.02313426678889049,-0.04078834508130125,-0.01985011444246727,-0.016666634877475273,191470278.10823122,245639268.6394348,177594741.2114007,161719734.93313926
2018-03-29,152.02279663085938,상승,불확실,정상,정상,42.6621,42.6347,14.7032,24.9058,75.0942,0.6499594716553334,0.24997549012277334,0.10006503822189333,"확률 기반 동적 배분: 상승 42.7%, 하락 42.6%, 횡보 14.7%, 고변동 24.9% 반영",0.00505853377397858,-0.01276529938085258,0.001038402396866589,0.0002007377453253798,0.00505853377397858,-0.0020709994879538848,-0.001092642447893166,191508713.4201555,246881843.1760628,177226942.59328857,161543033.08608928
2018-04-30,152.79180908203125,상승,상승,정상,정상,47.1232,32.4562,20.4206,27.936,72.064,0.66970716788,0.20837614913600003,0.12191668298399999,"확률 기반 동적 배분: 상승 47.1%, 하락 32.5%, 횡보 20.4%, 고변동 27.9% 반영",0.056729286980878646,0.009861278607849355,0.0014981205369066775,0.040229511268246726,0.056729286980878646,0.037982083631666934,0.031622651180175466,199213015.36465907,260887274.10796595,183958391.14865148,166651452.0719582
2018-05-31,161.45957946777344,상승,상승,정상,정상,43.55,30.3043,26.1457,14.1158,85.8842,0.6875768676174666,0.20408810611257333,0.10833502626996001,"확률 기반 동적 배분: 상승 43.5%, 하락 30.3%, 횡보 26.1%, 고변동 14.1% 반영",0.011450547965465852,0.0019746390234007816,0.0014874213234015166,0.008437272069285615,0.011450547965465852,0.007660184388639824,0.0066151499544334635,200893829.77503347,263874576.35371885,185367546.3446877,167753876.4175383
2018-06-29,163.30838012695312,횡보,횡보,정상,정상,29.754,30.4221,39.8239,10.9928,89.0072,0.6583561067325334,0.23067401593482667,0.11096987733264002,"확률 기반 동적 배분: 상승 29.8%, 하락 30.4%, 횡보 39.8%, 고변동 11.0% 반영",0.027963916731090332,-0.005277998581644017,0.0013887486934691662,0.017346827491307375,0.027963916731090332,0.014667150605996592,0.012676308529745793,204378700.38420904,271253543.03432596,188086360.0643893,169880376.31206787
2018-07-31,167.8751220703125,횡보,횡보,정상,정상,28.613,17.3366,54.0504,17.1719,82.8281,0.68861328,0.199940339,0.11144638100000001,"확률 기반 동적 배분: 상승 28.6%, 하락 17.3%, 횡보 54.1%, 고변동 17.2% 반영",0.05780656805065032,0.01014023609697512,0.00158557899443168,0.042010519714389793,0.05780656805065032,0.03874003526918024,0.03226247065330404,212964755.80590123,286933779.4287197,195372832.28693545,175361136.9674082
2018-08-31,177.57940673828125,횡보,횡보,정상,정상,31.9239,17.0777,50.9983,14.0137,85.9863,0.7033520185766785,0.1912358468847499,0.10541213453857155,"확률 기반 동적 배분: 상승 31.9%, 하락 17.1%, 횡보 51.0%, 고변동 14.0% 반영",-0.002816415136686845,-0.012050371146924643,0.0013994394126128906,-0.0041378763074553645,-0.002816415136686845,-0.006509997540781964,-0.004743431029898237,212083533.988529,286125654.7891099,194100955.6292119,174529323.50887877
2018-09-28,177.0792694091797,상승,상승,정상,정상,59.2758,11.9238,28.8004,10.2877,89.7123,0.79390024,0.13141177699999998,0.074687983,"확률 기반 동적 배분: 상승 59.3%, 하락 11.9%, 횡보 28.8%, 고변동 10.3% 반영",-0.08595719438758953,-0.0030308065931583528,0.0017064822212393693,-0.06851226721905451,-0.08595719438758953,-0.05278663926981706,-0.0435465427274944,197553210.23514545,261531096.26112604,183855018.50248593,166929174.8654987
2018-10-31,161.8580322265625,횡보,횡보,정상,정상,22.7952,27.1932,50.0116,42.1392,57.8608,0.59955784,0.24976731200000002,0.15067484800000003,"확률 기반 동적 배분: 상승 22.8%, 하락 27.2%, 횡보 50.0%, 고변동 42.1% 반영",-0.002649721971037966,0.013300792424334018,0.0018594293650471272,0.0020136108266850185,-0.002649721971037966,0.0037304837871108285,0.0030372626147906474,197951005.51812133,260838111.5692533,184540886.66818842,167436182.6076355
2018-11-30,161.4291534423828,상승,상승,정상,정상,52.1206,22.7903,25.0891,11.9752,88.0248,0.74037524,0.166675492,0.092949268,"확률 기반 동적 배분: 상승 52.1%, 하락 22.8%, 횡보 25.1%, 고변동 12.0% 반영",-0.0866071971235477,0.02804238867176978,0.0018278130639672874,-0.059277951541014874,-0.0866071971235477,-0.040747362805420705,-0.03452531934744946,186216875.40552297,238247653.82324106,177021332.20668572,161655394.932789
2018-12-31,147.44822692871094,하락,하락,고변동,고변동,18.7224,59.8895,21.388,85.6578,14.3422,0.3930416792257193,0.3692808146979967,0.23767750607628407,"확률 기반 동적 배분: 상승 18.7%, 하락 59.9%, 횡보 21.4%, 고변동 85.7% 반영",0.09010772555208857,0.006526086742816517,0.0017487018503652418,0.03824167748604601,0.09010772555208857,0.05667507002837975,0.04736142916896229,193338121.0972402,259715608.02737466,187054028.60601673,169311625.4696789
2019-01-31,160.7344512939453,상승,상승,정상,정상,40.9918,25.3711,33.637,28.3251,71.6749,0.6624448470991352,0.22744498877714603,0.11011016412371873,"확률 기반 동적 배분: 상승 41.0%, 하락 25.4%, 횡보 33.6%, 고변동 28.3% 반영",0.029911923350654845,-0.005254969761325334,0.0018483522304506561,0.018823305319530085,0.029911923350654845,0.01584516610586277,0.013749141193019954,196977383.58055785,267484201.3876582,190017930.76004985,171639514.91388124
2019-02-28,165.54232788085938,하락,불확실,정상,정상,35.3949,36.0676,28.5375,15.7483,84.2517,0.6500485882240666,0.24888925753738,0.10106215423855333,"확률 기반 동적 배분: 상승 35.4%, 하락 36.1%, 횡보 28.5%, 고변동 15.7% 반영",0.0392458942230709,0.026551699766275805,0.0017498585795381327,0.032297015452143044,0.0392458942230709,0.03416821644035286,0.027938428757325818,203339165.18178186,277981858.0616608,196510504.54580724,176434853.27324468
2019-03-29,172.0391845703125,상승,상승,정상,정상,37.512,32.0922,30.3958,14.472,85.528,0.6577516870160001,0.23631909514240002,0.1059292178416,"확률 기반 동적 배분: 상승 37.5%, 하락 32.1%, 횡보 30.4%, 고변동 14.5% 반영",0.0549927448566534,-0.005185350746095274,0.0019250101983645518,0.035150088131440896,0.0549927448566534,0.03092150661555393,0.026325769244171026,210486554.7584951,293268843.4568242,202586905.41214627,181079636.5071453
2019-04-30,181.5000915527344,횡보,횡보,정상,정상,8.4429,35.2374,56.3197,36.0438,63.9562,0.55032629,0.2854313,0.16424241,"확률 기반 동적 배분: 상승 8.4%, 하락 35.2%, 횡보 56.3%, 고변동 36.0% 반영",-0.08225189347605144,0.03048587415951398,0.00212228609476961,-0.036215187306249653,-0.08225189347605144,-0.037156786421825266,-0.0315557272712176,202863744.75246903,269146925.7849687,195059427.03588864,175365536.8831546
2019-05-31,166.5713653564453,상승,상승,정상,정상,59.104,12.1142,28.7818,12.1702,87.8298,0.7895110399999999,0.133609462,0.076879498,"확률 기반 동적 배분: 상승 59.1%, 하락 12.1%, 횡보 28.8%, 고변동 12.2% 반영",0.07590051721163915,0.01217146566838112,0.0018147222398856577,0.061690034194814836,0.07590051721163915,0.050408896594335936,0.04196464275431104,215378416.10313702,289575316.6579704,204892157.52309117,182724688.98987412
2019-06-28,179.21421813964844,횡보,횡보,정상,정상,20.0562,21.4757,58.4681,30.0916,69.9084,0.6315485200000001,0.23323005600000002,0.135221424,"확률 기반 동적 배분: 상승 20.1%, 하락 21.5%, 횡보 58.5%, 고변동 30.1% 반영",0.023347926514665884,0.00038210468753208104,0.0018045595270479442,0.015078481842017159,0.023347926514665884,0.014161597783812362,0.012149506569002155,218625995.63951057,296336299.8717618,207793757.8469907,184944703.79907548
2019-07-31,183.39849853515625,횡보,횡보,정상,정상,28.7597,32.9574,38.2829,20.0401,79.9599,0.6453685440123333,0.2440552476647,0.11057620832296666,"확률 기반 동적 배분: 상승 28.8%, 하락 33.0%, 횡보 38.3%, 고변동 20.0% 반영",-0.01899543430663131,0.039516800956693965,0.001694881537329218,-0.002427359562995509,-0.01899543430663131,0.0044094597986988025,0.0026962994411583777,218095311.7382756,290707263.15487754,208710016.06863755,185443370.10057414
2019-08-30,179.91476440429688,횡보,횡보,정상,정상,33.6873,29.4434,36.8693,17.9924,82.0076,0.6528641669906666,0.24282824590586666,0.10430758710346667,"확률 기반 동적 배분: 상승 33.7%, 하락 29.4%, 횡보 36.9%, 고변동 18.0% 반영",0.009178862942877952,-0.011861214711913814,0.001618732896163655,0.00328115886888046,0.009178862942877952,0.0007628318809612452,0.001354813637097563,218810917.10464686,293375625.27987534,208869226.72277063,185694611.3072957
2019-09-30,181.5661773681641,하락,불확실,정상,정상,32.492,35.4303,32.0777,15.1935,84.8065,0.6494606378165333,0.24571742363638,0.10482193854708668,"확률 기반 동적 배분: 상승 32.5%, 하락 35.4%, 횡보 32.1%, 고변동 15.2% 반영",0.043800714355286985,0.0018789682946764863,0.0016071945849478464,0.029077004382483434,0.043800714355286985,0.027032015931042788,0.022785486583036006,225173283.1002339,306225687.24156284,214515382.98704517,189925753.38178018
2019-10-31,189.51890563964844,상승,상승,정상,정상,38.7332,32.9681,28.2987,14.0898,85.9102,0.6586734238404001,0.23520387008132004,0.10612270607828,"확률 기반 동적 배분: 상승 38.7%, 하락 33.0%, 횡보 28.3%, 고변동 14.1% 반영",0.04069398906355892,-0.006871470147430503,0.0010819179452685734,0.025302668794500792,0.04069398906355892,0.02166780537916315,0.018501937076604025,230870768.1038895,318687232.0091518,219163460.55644512,193439747.72007647
2019-11-29,197.23118591308597,횡보,횡보,정상,정상,10.2753,22.8538,66.8709,21.5183,78.4817,0.61839391,0.24566941300000003,0.135936677,"확률 기반 동적 배분: 상승 10.3%, 하락 22.9%, 횡보 66.9%, 고변동 21.5% 반영",0.038864071488965646,-0.009280898411234695,0.0011161441466203126,0.021904997188124893,0.038864071488965646,0.019606083528885508,0.016870995050436478,235927991.63002542,331072715.37657607,223460397.6705944,196703268.74641955
2019-12-31,204.8963928222656,횡보,횡보,정상,정상,9.1605,28.5366,62.3028,26.488,73.512,0.5896129872913872,0.2629556715003915,0.1474313412082212,"확률 기반 동적 배분: 상승 9.2%, 하락 28.5%, 횡보 62.3%, 고변동 26.5% 반영",0.030383844612301703,0.034657774493543014,0.0012031910487246833,0.02720555582195848,0.030383844612301703,0.03209341656479823,0.025829892863958693,242346543.77627861,341131977.31595075,230632005.29877222,201784093.10413003
2020-01-31,211.12193298339844,횡보,횡보,정상,정상,21.5278,26.9547,51.5176,31.7466,68.2534,0.615811547044573,0.24302686868787735,0.14116158426754977,"확률 기반 동적 배분: 상승 21.5%, 하락 27.0%, 횡보 51.5%, 고변동 31.7% 반영",-0.06057399031966204,0.029617322006450397,0.0011813264018856184,-0.029937599756838608,-0.06057399031966204,-0.024497465389217064,-0.02116553327751878,235091269.9462512,320468252.22428715,224982105.73131981,197513225.1666606
2020-02-28,198.33343505859372,하락,불확실,고변동,고변동,29.7591,38.6903,31.5505,55.6795,44.3205,0.6048533036910853,0.26126276700665874,0.13388392930225612,"확률 기반 동적 배분: 상승 29.8%, 하락 38.7%, 횡보 31.6%, 고변동 55.7% 반영",-0.07285862880232141,0.03722683603585297,0.0020448813776676733,-0.03406901939005726,-0.07285862880232141,-0.02882444286705166,-0.02485228731487128,227081940.9120192,297119374.7925491,218497121.8785584,192604569.74633187
2020-03-31,183.8831329345703,횡보,횡보,고변동,고변동,13.4419,39.7783,46.7798,91.706,8.294,0.5544885289743334,0.2888727079480667,0.1566387630776,"확률 기반 동적 배분: 상승 13.4%, 하락 39.8%, 횡보 46.8%, 고변동 91.7% 반영",0.1497376351188473,0.0027523569415406346,-0.0001963524267468708,0.08379212543083472,0.1497376351188473,0.09094352384792463,0.07565525415653646,246109619.3879965,341609327.3219758,238368020.09282395,207176117.42220098
2020-04-30,211.4173583984375,하락,불확실,고변동,고변동,11.9334,44.6329,43.4337,78.316,21.684,0.6337915872170667,0.25695845969215997,0.1092499530907733,"확률 기반 동적 배분: 상승 11.9%, 하락 44.6%, 횡보 43.4%, 고변동 78.3% 반영",0.06600898072729233,0.003274628682837788,-0.00017495221267349592,0.04265826668710943,0.06600898072729233,0.040915239909510515,0.0339518885259628,256608229.16611263,364158610.8254354,248120904.82167688,214210137.86616135
2020-05-29,225.372802734375,상승,불확실,고변동,고변동,41.6019,39.1702,19.2278,61.6394,38.3606,0.6373887089271473,0.2515476661589209,0.11106362491393189,"확률 기반 동적 배분: 상승 41.6%, 하락 39.2%, 횡보 19.2%, 고변동 61.6% 반영",0.06286641762184408,0.00042729637147154165,0.0,0.0401778301678639,0.06286641762184408,0.03789076912169507,0.03156139772236351,266918191.017225,387051958.1341778,257522396.7405411,220970909.22351757
2020-06-30,239.5411834716797,하락,불확실,정상,정상,41.9655,45.9872,12.0473,31.3754,68.6246,0.6370465520492667,0.25035417235106666,0.11259927559966668,"확률 기반 동적 배분: 상승 42.0%, 하락 46.0%, 횡보 12.0%, 고변동 31.4% 반영",0.07346560397121493,0.008540826550930136,0.00010947492168567052,0.04895156806330966,0.07346560397121493,0.04749569300310101,0.03931694493522364,279984255.01214015,415486964.0067466,269753601.43755263,229658810.29374492
2020-07-31,257.13922119140625,상승,상승,정상,정상,48.2589,37.0113,14.7297,28.592,71.408,0.654902976215793,0.22458596520909335,0.12051105857511364,"확률 기반 동적 배분: 상승 48.3%, 하락 37.0%, 횡보 14.7%, 고변동 28.6% 반영",0.10944716184714398,-0.009698351275248429,0.0,0.06949915844997767,0.10944716184714398,0.061788956598187006,0.05181407554099746,299442925.1147278,460960833.00177145,286421395.00898224,241558369.23896062
2020-08-31,285.2823791503906,상승,상승,정상,정상,47.9084,22.4895,29.6021,17.0797,82.9203,0.72155904,0.177369277,0.101071683,"확률 기반 동적 배분: 상승 47.9%, 하락 22.5%, 횡보 29.6%, 고변동 17.1% 반영",-0.05778629807684599,0.003277928411995701,-0.00021863082812700885,-0.04113691935874389,-0.05778629807684599,-0.03336060748130931,-0.027953496680449687,287124765.65173686,434323612.9041799,276866203.27583855,234805968.1663045
2020-09-30,268.7969665527344,하락,하락,정상,정상,18.9334,58.5303,22.5363,31.5526,68.4474,0.49612368,0.3217259700000001,0.18215035000000002,"확률 기반 동적 배분: 상승 18.9%, 하락 58.5%, 횡보 22.5%, 고변동 31.6% 반영",-0.030449234491746635,-0.013808002325826574,0.00010919176257351282,-0.0195290898934972,-0.030449234491746635,-0.023792741625378613,-0.019345179591106588,281517480.2926748,421098791.3695579,270278797.236497,230263604.54306367
2020-10-30,260.6123046875,상승,상승,정상,정상,50.0248,35.9078,14.0674,36.6245,63.3755,0.650647744428,0.2188249856262,0.13052726994580005,"확률 기반 동적 배분: 상승 50.0%, 하락 35.9%, 횡보 14.1%, 고변동 36.6% 반영",0.11225781475416596,0.003383801006045184,-0.00010917984103420153,0.07376650322414079,0.11225781475416596,0.06870820925491765,0.0571222117106897,302284040.4103364,468370421.48432493,288849169.39418966,243416770.91103908
2020-11-30,289.8680725097656,상승,상승,정상,정상,38.6661,30.9696,30.3642,20.6458,79.3542,0.6585143969728334,0.23097932508984764,0.11050627793731901,"확률 기반 동적 배분: 상승 38.7%, 하락 31.0%, 횡보 30.4%, 고변동 20.6% 반영",0.04902448276272309,-0.0023846028182281653,3.275752877196503e-05,0.03173615366641699,0.04902448276272309,0.028460848530342586,0.023803412041647487,311877373.16770416,491332039.13895255,297070061.85243297,249210920.60688186
2020-12-31,304.0787048339844,하락,불확실,정상,정상,33.7935,39.8022,26.4044,16.6863,83.3137,0.6424691503043904,0.24518357820552483,0.11234727149008475,"확률 기반 동적 배분: 상승 33.8%, 하락 39.8%, 횡보 26.4%, 고변동 16.7% 반영",0.0026134952540888268,-0.010921325856453667,0.0,-0.0009986396770148228,0.0026134952540888268,-0.0028004331901281716,-0.0019696501298916867,311565920.0484957,492616133.091424,296238136.991428,248720062.2847381
2021-01-29,304.8734130859375,상승,상승,정상,정상,41.9148,37.8999,20.1853,31.8345,68.1655,0.6450389968448,0.24510785425342002,0.10985314890178,"확률 기반 동적 배분: 상승 41.9%, 하락 37.9%, 횡보 20.2%, 고변동 31.8% 반영",-0.0013352229388878811,-0.02363305779511149,-0.00010899145036835645,-0.006665892004697579,-0.0013352229388878811,-0.010254356881377326,-0.0077793270980510585,309489055.2731082,491958380.7304541,293200405.4128436,246785187.5643775
2021-02-26,304.4663391113281,상승,상승,정상,정상,48.5157,26.7288,24.7556,22.9833,77.0167,0.699732868897191,0.18959741201906102,0.11066971908374792,"확률 기반 동적 배분: 상승 48.5%, 하락 26.7%, 횡보 24.8%, 고변동 23.0% 반영",0.017167910240937,-0.023857075337589073,-0.00010979035845859464,0.007477560875380941,0.017167910240937,0.0007579160095265696,0.0014048744475000604,311803278.524177,500404278.05311126,293422626.6941057,247131889.7684082
2021-03-31,309.6933898925781,하락,불확실,정상,정상,34.0044,34.1873,31.8083,15.886,84.114,0.6500469967646666,0.24967608141746667,0.10027692181786668,"확률 기반 동적 배분: 상승 34.0%, 하락 34.2%, 횡보 31.8%, 고변동 15.9% 반영",0.05909844794552788,0.010012131154631732,0.0,0.04091655827376957,0.05909844794552788,0.03946392122916942,0.032552863319153455,324561195.53986394,529977394.2313525,305002234.12081784,255176740.3978433
2021-04-30,327.99578857421875,상승,상승,정상,정상,44.4366,27.7855,27.7779,12.8543,87.1457,0.70459726,0.190440763,0.10496197700000001,"확률 기반 동적 배분: 상승 44.4%, 하락 27.8%, 횡보 27.8%, 고변동 12.9% 반영",-0.012013008098613276,0.004248950201594992,-0.00010921207814740264,-0.007666622387934599,-0.012013008098613276,-0.005508224778529968,-0.004753661404457621,322072907.41188323,523610771.5023693,303322213.25732654,253963716.57569876
2021-05-28,324.0555725097656,상승,상승,정상,정상,42.7358,24.0141,33.2501,11.5442,88.4558,0.6904834751832,0.20872338243796007,0.10079314237884002,"확률 기반 동적 배분: 상승 42.7%, 하락 24.0%, 횡보 33.3%, 고변동 11.5% 반영",0.06262178451447653,0.01022581653599075,-0.00021805441343214493,0.04535169601977186,0.06262178451447653,0.04166339732308222,0.03433502633534906,336679460.0050311,556400212.4048494,315959647.1451832,262683567.47254848
2021-06-30,344.3485107421875,횡보,횡보,정상,정상,20.9631,31.165,47.8719,12.1201,87.8799,0.63709657,0.236510011,0.12639341899999998,"확률 기반 동적 배분: 상승 21.0%, 하락 31.2%, 횡보 47.9%, 고변동 12.1% 반영",0.028609367284164078,0.019902062755756678,-0.00011013362190503972,0.022920046682878416,0.028609367284164078,0.02512644547280112,0.020253275744428034,344396168.9455128,572318470.4385266,323898589.99078214,268003770.1981001
2021-07-30,354.2001037597656,하락,불확실,정상,정상,13.0926,43.7366,43.1709,13.4503,86.5497,0.6469950805394884,0.25114286389114415,0.10186205556936742,"확률 기반 동적 배분: 상승 13.1%, 하락 43.7%, 횡보 43.2%, 고변동 13.5% 반영",0.04218661915736521,-0.003944366184392201,-0.00010866926803565491,0.026292866364605257,0.04218661915736521,0.023734225020662247,0.019888265869757813,353451331.3920791,596462651.7876425,331586072.0094986,273333900.4338974
2021-08-31,369.1426086425781,횡보,횡보,정상,정상,12.2031,22.1327,65.6642,11.1953,88.8047,0.64395811,0.232588323,0.123453567,"확률 기반 동적 배분: 상승 12.2%, 하락 22.1%, 횡보 65.7%, 고변동 11.2% 반영",-0.05683137450071574,-0.015970502933444597,0.00010868107832884277,-0.04029815994015446,-0.05683137450071574,-0.040487025873807286,-0.03318510191472548,339207893.1085805,562564859.4482089,318161138.1326559,264263287.09124908
2021-09-30,348.1637268066406,횡보,횡보,정상,정상,25.5473,18.6153,55.8374,11.8462,88.1538,0.68669919,0.20339561200000003,0.10990519800000002,"확률 기반 동적 배분: 상승 25.5%, 하락 18.6%, 횡보 55.8%, 고변동 11.8% 반영",0.07863994876159097,-0.004429581875571187,-0.00010866926803565491,0.05308908828232014,0.07863994876159097,0.045412136506726104,0.037969365964517,357216130.89188176,606804931.1702877,332609515.1686714,274297196.54980296
2021-10-29,375.5433044433594,횡보,횡보,정상,정상,19.9325,21.2177,58.8498,18.0087,81.9913,0.65376249,0.223137197,0.12310031299999999,"확률 기반 동적 배분: 상승 19.9%, 하락 21.2%, 횡보 58.8%, 고변동 18.0% 반영",0.01996838402174994,0.010921491708796083,-0.0002190356877552757,0.015464608144574109,0.01996838402174994,0.016349627096568398,0.01321683238596274,362740338.3790456,618921845.0621876,338047556.71044964,277922536.62054116
2021-11-30,383.0422973632813,횡보,횡보,정상,정상,34.0009,22.6214,43.3777,20.7474,79.2526,0.6686240313776,0.22139867459968002,0.10997729402272,"확률 기반 동적 배분: 상승 34.0%, 하락 22.6%, 횡보 43.4%, 고변동 20.7% 반영",0.011523455706196728,-0.005240567461515244,0.0,0.00654460471954878,0.011523455706196728,0.004817846439111939,0.004189557614643791,365114330.50957185,626053963.5293592,339676217.92779756,279086909.10012084
2021-12-31,387.4562683105469,횡보,횡보,정상,정상,25.6302,20.1493,54.2206,16.2826,83.7174,0.6743189163724036,0.20991616927273676,0.11576491435485967,"확률 기반 동적 배분: 상승 25.6%, 하락 20.1%, 횡보 54.2%, 고변동 16.3% 반영",-0.08747017899181697,-0.02113058230303211,0.0,-0.063418447204217,-0.08747017899181697,-0.06093434031630303,-0.05007426418681812,341959346.61664754,571292911.2809097,318978271.6672304,265111837.48275888
2022-01-31,353.5653991699219,하락,불확실,정상,정상,34.0614,39.7555,26.1831,28.3643,71.6357,0.6352055362350667,0.24880968369842002,0.11598478006651336,"확률 기반 동적 배분: 상승 34.1%, 하락 39.8%, 횡보 26.2%, 고변동 28.4% 반영",-0.04475958193386276,-0.0030410732426550124,-0.00021859135203383673,-0.029213535985455504,-0.04475958193386276,-0.028072178457379658,-0.02333583121013465,331969504.93869925,545722079.4101968,310023856.7009614,258925232.39145258
2022-02-28,337.7399597167969,하락,불확실,정상,정상,30.9604,47.7551,21.2845,43.5535,56.4465,0.54553532,0.28427830299999995,0.17018637699999997,"확률 기반 동적 배분: 상승 31.0%, 하락 47.8%, 횡보 21.3%, 고변동 43.6% 반영",0.04667878008826731,-0.04060885730043051,0.0004593391759883936,0.013998879462702625,0.04667878008826731,0.011763725132788182,0.011248600689202182,336616706.0236291,571195720.3442973,313670892.13579845,261837778.93898287
2022-03-31,353.5052490234375,횡보,횡보,정상,정상,31.3346,22.1728,46.4926,32.1625,67.8375,0.6539256,0.21712840500000002,0.12894599500000004,"확률 기반 동적 배분: 상승 31.3%, 하락 22.2%, 횡보 46.5%, 고변동 32.2% 반영",-0.13595754709651353,-0.04228293324146526,-0.00010926938062272296,-0.09810103626206414,-0.13595754709651353,-0.09848770155449423,-0.0806855073968209,303594258.3395885,493537351.2942605,282778166.924796,240711264.88963443
2022-04-29,305.44354248046875,하락,하락,고변동,고변동,25.5009,59.5148,14.9843,86.7111,13.2889,0.4095160300000001,0.357681165,0.23280280499999997,"확률 기반 동적 배분: 상승 25.5%, 하락 59.5%, 횡보 15.0%, 고변동 86.7% 반영",-0.01586587927752192,0.006183937649814286,0.00032843467502252643,-0.004208993357712603,-0.01586587927752192,-0.007045952506587438,-0.00601207140881217,302316432.1227975,485706947.2596778,280785725.39074403,239264091.57621244
2022-05-31,300.597412109375,하락,하락,고변동,고변동,8.7387,74.4573,16.804,96.1656,3.8344,0.29381093,0.43089245000000004,0.27529662,"확률 기반 동적 배분: 상승 8.7%, 하락 74.5%, 횡보 16.8%, 고변동 96.2% 반영",-0.08907879572498456,-0.008634589528668468,0.0007763315715292318,-0.029679181794348756,-0.08907879572498456,-0.05690111324645812,-0.04697450840678698,293343927.7744061,442440757.3225271,264808705.03229642,228024778.4950234
2022-06-30,273.820556640625,하락,하락,고변동,고변동,15.5913,70.4183,13.9905,98.9837,1.0163,0.32121827861106145,0.41150882286797413,0.2672728985209645,"확률 기반 동적 배분: 상승 15.6%, 하락 70.4%, 횡보 14.0%, 고변동 99.0% 반영",0.1255171326953579,0.02961462617282562,0.00036121372926878337,0.05260161989706085,0.1255171326953579,0.087156130086345,0.0717151969453804,308774293.5623063,497974652.5692134,287888406.9760878,244377620.39322075
2022-07-29,308.1897277832031,하락,불확실,고변동,고변동,24.4318,45.9959,29.5723,63.7356,36.2644,0.499571,0.30736160799999995,0.193067392,"확률 기반 동적 배분: 상승 24.4%, 하락 46.0%, 횡보 29.6%, 고변동 63.7% 반영",-0.051321642328202466,-0.03853791316259536,0.001936951886756022,-0.03710991688895664,-0.051321642328202466,-0.04620815066195962,-0.03683480473552864,297315705.1907628,472417775.5615453,274585616.0927052,235376018.4643033
2022-08-31,292.3729248046875,상승,상승,정상,정상,46.5487,41.6439,11.8073,36.0375,63.9625,0.6406015397532032,0.2455969504713246,0.11380150977547224,"확률 기반 동적 배분: 상승 46.5%, 하락 41.6%, 횡보 11.8%, 고변동 36.0% 반영",-0.10535551678225596,-0.04734954262665125,0.002067628210757455,-0.07888451033548659,-0.10535551678225596,-0.08215312712001407,-0.06646909553697186,273862101.3717396,422645956.6801349,252027549.06851378,219730787.40588748
2022-09-30,261.56982421875,하락,불확실,정상,정상,23.9224,48.5104,27.5673,38.0463,61.9537,0.5349832645333954,0.29365513536236765,0.1713616001042369,"확률 기반 동적 배분: 상승 23.9%, 하락 48.5%, 횡보 27.6%, 고변동 38.0% 반영",0.039998506612904716,-0.014540645639380068,0.0015857327720587566,0.01740033008590171,0.039998506612904716,0.0181828457119908,0.01595420616905009,278627392.33362657,439551163.7733227,256610127.10839775,223236417.68984872
2022-10-31,272.0322265625,상승,상승,고변동,고변동,52.5288,29.0508,18.4204,50.4763,49.5237,0.65331226,0.209688443,0.13699929700000002,"확률 기반 동적 배분: 상승 52.5%, 하락 29.1%, 횡보 18.4%, 고변동 50.5% 반영",0.05544162678910536,0.036122829007737334,0.0031515848987877515,0.04422699918262438,0.05544162678910536,0.04771410767655815,0.03918797907663143,290950245.7866226,463920595.3499602,268854050.3441431,231984601.75542066
2022-11-30,287.1141357421875,횡보,횡보,정상,정상,24.9826,26.7533,48.2641,34.0291,65.9709,0.6209442199999999,0.23859975100000003,0.140456029,"확률 기반 동적 배분: 상승 25.0%, 하락 26.8%, 횡보 48.3%, 고변동 34.0% 반영",-0.09013657936794417,-0.014880572023319716,0.003626121523456316,-0.05901097811874172,-0.09013657936794417,-0.060034176430094385,-0.04880723698627674,273780987.1988657,422104379.78677464,252713618.85183734,220662074.3203768
2022-12-30,261.2346496582031,상승,상승,정상,정상,51.0241,36.8099,12.166,26.0497,73.9503,0.6678086584676,0.21100366354092007,0.12118767799148004,"확률 기반 동적 배분: 상승 51.0%, 하락 36.8%, 횡보 12.2%, 고변동 26.0% 반영",0.10642902093739859,0.0358109290948343,0.0028422348466090597,0.07897490276940543,0.10642902093739859,0.07818178420037288,0.0645262361664714,295402814.0430079,467028535.66086894,272471220.46540695,234900567.4409569
2023-01-31,289.03759765625,하락,불확실,정상,정상,33.4429,40.7043,25.8529,26.0447,73.9553,0.6306607429186287,0.24922056060580472,0.12011869647556658,"확률 기반 동적 배분: 상승 33.4%, 하락 40.7%, 횡보 25.9%, 고변동 26.0% 반영",-0.003597649459666341,-0.0327077130582174,0.0034575420631792753,-0.010005015419858182,-0.003597649459666341,-0.015241674899086765,-0.010919630234662536,292447304.3334381,465348330.7018998,268318302.70371583,232335540.10258922
2023-02-28,287.99774169921875,상승,상승,정상,정상,51.8805,31.5515,16.568,11.8633,88.1367,0.71369281,0.184515423,0.101791767,"확률 기반 동적 배분: 상승 51.9%, 하락 31.6%, 횡보 16.6%, 고변동 11.9% 반영",0.09492715460559431,0.03721042461567681,0.003991097272888489,0.07502098579741846,0.09492715460559431,0.07184046260962731,0.059424924142077895,314386989.3983303,509522523.6358943,287594413.6965808,246142061.9486943
2023-03-31,315.3365478515625,하락,불확실,정상,정상,32.6186,36.8595,30.5219,27.0735,72.9265,0.6417297078193334,0.24748075696849997,0.11078953521216664,"확률 기반 동적 배분: 상승 32.6%, 하락 36.9%, 횡보 30.5%, 고변동 27.1% 반영",0.00507880229340163,0.0081478483675137,0.0036304912441489368,0.0056778744310047365,0.00507880229340163,0.006306420723046458,0.005709853905784711,316172039.2468756,512110287.79747605,289408105.06694937,247547497.16248995
2023-04-28,316.9380798339844,상승,상승,정상,정상,37.5299,28.1953,34.2748,11.7998,88.2002,0.6582460818980667,0.23961571192005332,0.10213820618188,"확률 기반 동적 배분: 상승 37.5%, 하락 28.2%, 횡보 34.3%, 고변동 11.8% 반영",0.07883816428539725,-0.014383062529596535,0.003751519122970448,0.048831678410956134,0.07883816428539725,0.04154967355939974,0.03585446720841375,331611250.5899152,552484122.7990955,301432917.35792553,256423180.78202736
2023-05-31,341.9248962402344,하락,불확실,정상,정상,34.0633,35.0307,30.906,23.3716,76.6284,0.6492243199769333,0.24878104517218666,0.10199463485088002,"확률 기반 동적 배분: 상승 34.1%, 하락 35.0%, 횡보 30.9%, 고변동 23.4% 반영",0.06303844229772881,-0.012552948280433074,0.004606044393376418,0.03827294605595896,0.06303844229772881,0.03280188606646405,0.02867454554340977,344302990.09529215,587311861.2945776,311320485.5697821,263775998.95774764
2023-06-30,363.4793090820313,하락,불확실,정상,정상,35.7278,44.0266,20.2457,28.9525,71.0475,0.621177742052184,0.252821691281953,0.12600056666586312,"확률 기반 동적 배분: 상승 35.7%, 하락 44.0%, 횡보 20.2%, 고변동 29.0% 반영",0.038601098695351554,-0.006516551627261502,0.003860150639700688,0.02281699889259945,0.038601098695351554,0.020554038566306332,0.018117613987437463,352158951.0390151,609982744.4173602,317719378.8366646,268554990.68601483
2023-07-31,377.510009765625,하락,하락,정상,정상,31.8076,50.4034,17.7889,13.3406,86.6594,0.591972887985968,0.26493346892758296,0.14309364308644912,"확률 기반 동적 배분: 상승 31.8%, 하락 50.4%, 횡보 17.8%, 고변동 13.3% 반영",-0.014830017959219566,-0.007309063051072484,0.004966981234261425,-0.01000464054898154,-0.014830017959219566,-0.011821635995960733,-0.008614331648079242,348635727.3177634,600936689.3628367,313963415.9911948,266241568.93049866
2023-08-31,371.9115295410156,횡보,횡보,정상,정상,20.6506,19.0184,60.3311,11.0522,88.9478,0.6746773454286945,0.21188305906922297,0.11343959550208252,"확률 기반 동적 배분: 상승 20.7%, 하락 19.0%, 횡보 60.3%, 고변동 11.1% 반영",-0.05079874556046182,-0.031388235130942244,0.003991034057928555,-0.04047065679500171,-0.05079874556046182,-0.04303454138865399,-0.03401763650792787,334526210.4510104,570409859.3819476,300452144.37119853,257184660.01532054
2023-09-29,353.0188903808594,횡보,횡보,정상,정상,32.1576,23.35,44.4924,11.603,88.397,0.682447595952,0.21006033698319998,0.1074920670648,"확률 기반 동적 배분: 상승 32.2%, 하락 23.4%, 횡보 44.5%, 고변동 11.6% 반영",-0.020654713118562706,-0.019277271887803704,0.004309511509313468,-0.01768191124153452,-0.020654713118562706,-0.020103736626259104,-0.01524863582375977,328611147.6898487,558628207.3764138,294411933.5919652,253262944.79528943
2023-10-31,345.7273864746094,상승,상승,정상,정상,56.425,12.3949,31.1801,13.9478,86.0522,0.77877176,0.14016501800000003,0.081063222,"확률 기반 동적 배분: 상승 56.4%, 하락 12.4%, 횡보 31.2%, 고변동 13.9% 반영",0.10818820536517793,0.0455445031171382,0.004681901260251253,0.09101719520393761,0.10818820536517793,0.08313072446596204,0.06869383386978067,358520412.66532564,619065190.5988345,318886610.92288995,270660547.4504285
2023-11-30,383.1310119628906,횡보,횡보,정상,정상,32.4737,31.9446,35.5817,16.7009,83.2991,0.6510958455760001,0.24424225160080001,0.10466190282320001,"확률 기반 동적 배분: 상승 32.5%, 하락 31.9%, 횡보 35.6%, 고변동 16.7% 반영",0.055869729562544546,0.037722907786289284,0.004275297173109482,0.04603753748355233,0.055869729562544546,0.04861100085204244,0.040106796551780954,375025809.60202426,653652195.3791765,334388008.23816746,281515874.96161646
2023-12-29,404.5364379882813,횡보,횡보,정상,정상,22.4503,36.0658,41.4838,13.5875,86.4125,0.6401096583317756,0.24836867478898916,0.11152166687923529,"확률 기반 동적 배분: 상승 22.5%, 하락 36.1%, 횡보 41.5%, 고변동 13.6% 반영",0.01819189263608134,0.0007260834770850266,0.004267274620680217,0.012301036149409875,0.01819189263608134,0.011205568972482816,0.010167226285302223,379639015.6429004,665543365.9388534,338135016.1280514,284378110.56525606
2024-01-31,411.8957214355469,횡보,횡보,정상,정상,21.2003,28.3263,50.4734,30.8447,69.1553,0.61250139,0.245596297,0.141902313,"확률 기반 동적 배분: 상승 21.2%, 하락 28.3%, 횡보 50.5%, 고변동 30.8% 반영",0.05283352247414408,-0.020826415675954668,0.004443633680073278,0.02787627728153937,0.05283352247414408,0.02336954721410458,0.021057563270300294,390221938.10985255,700706366.3207012,346037078.35219795,290366420.62117237
2024-02-29,433.6576232910156,횡보,횡보,정상,정상,18.6189,28.2499,53.1312,12.3933,87.6067,0.6394896099999999,0.234886243,0.12562414700000002,"확률 기반 동적 배분: 상승 18.6%, 하락 28.2%, 횡보 53.1%, 고변동 12.4% 반영",0.012749810997014555,0.007332329384621028,0.004101471026086045,0.010390878762743957,0.012749810997014555,0.010582818352057145,0.009394898519110795,394276686.95931506,709640240.055695,349699125.8954758,293094383.6762657
2024-03-28,439.1866760253906,횡보,횡보,정상,정상,33.4304,20.0339,46.5357,10.3437,89.6563,0.6979266412594667,0.1989893819760067,0.10308397676452667,"확률 기반 동적 배분: 상승 33.4%, 하락 20.0%, 횡보 46.5%, 고변동 10.3% 반영",-0.04373776905983762,-0.03129814589289781,0.004322045115782158,-0.03630821936604679,-0.04373776905983762,-0.03876191979306169,-0.03039391927463172,379961202.5182781,678602159.1205714,336144116.4258116,284186096.6389614
2024-04-30,419.9776306152344,횡보,횡보,정상,정상,40.2067,13.0651,46.7281,13.8422,86.1578,0.6875657150582554,0.21478047010628712,0.09765381483545749,"확률 기반 동적 배분: 상승 40.2%, 하락 13.1%, 횡보 46.7%, 고변동 13.8% 반영",0.06151813999696398,0.018001845491843138,0.004573132740548713,0.04661079261144872,0.06151813999696398,0.04411162219491564,0.037074250194144676,397671495.32925427,720348501.7475927,350971978.6926307,294722083.0874516
2024-05-31,445.8138732910156,횡보,횡보,정상,정상,29.2148,31.6359,39.1492,22.6769,77.3231,0.6436441716696853,0.24097148005725144,0.11538434827306321,"확률 기반 동적 배분: 상승 29.2%, 하락 31.6%, 횡보 39.1%, 고변동 22.7% 반영",0.06470120777531929,0.01216987541304615,0.003992759467796203,0.04503785012397044,0.06470120777531929,0.043688674830410036,0.03680011840513273,415581764.5344685,766955919.8298036,366305479.3443186,305567890.64167714
2024-06-28,474.6585693359375,횡보,불확실,정상,정상,19.1957,39.2496,41.5548,15.4808,84.5192,0.6421585521019828,0.2516052937695292,0.10623615412848797,"확률 기반 동적 배분: 상승 19.2%, 하락 39.2%, 횡보 41.6%, 고변동 15.5% 반영",-0.016781053815666747,0.028972340747256187,0.004508327929880984,-0.0030075554952891134,-0.016781053815666747,0.0015203040095024267,0.0012028409023196786,414331879.3148009,754085591.2648954,366862375.0332685,305935440.1989765
2024-07-31,466.69329833984375,상승,상승,정상,정상,46.0288,24.1941,29.777,17.4776,82.5224,0.7110300624897424,0.18429606613921015,0.10467387137104739,"확률 기반 동적 배분: 상승 46.0%, 하락 24.2%, 횡보 29.8%, 고변동 17.5% 반영",0.011038733359114872,0.013457717693406535,0.004617374511169725,0.010812394165900055,0.011038733359114872,0.012006327092831538,0.01048015688981334,418811798.90945065,762409741.0368191,371267044.70597094,309141691.61041594
2024-08-30,471.8450012207031,상승,상승,정상,정상,41.6672,29.6948,28.6379,26.5286,73.4714,0.6638338307721691,0.21810829968579665,0.11805786954203432,"확률 기반 동적 배분: 상승 41.7%, 하락 29.7%, 횡보 28.6%, 고변동 26.5% 반영",0.026215967139363805,0.013824762139214464,0.004221711290389951,0.02091674749803081,0.026215967139363805,0.021259485139304066,0.01809975446952423,427571979.55643564,782397049.7545712,379159990.92561084,314737080.32485783
2024-09-30,484.2148742675781,상승,상승,정상,정상,45.3945,26.2918,28.3137,16.4966,83.5034,0.70491697,0.188775196,0.106307834,"확률 기반 동적 배분: 상승 45.4%, 하락 26.3%, 횡보 28.3%, 고변동 16.5% 반영",-0.00864631850007369,-0.033873631363096846,0.003948117925261618,-0.01206972217351611,-0.00864631850007369,-0.018737243645282953,-0.013695625073913574,422411304.55400914,775632195.6688752,372055577.7950944,310426559.2758704
2024-10-31,480.0281982421875,상승,상승,정상,정상,40.8094,27.6817,31.5088,30.3563,69.6437,0.6588895713393503,0.2255555241680754,0.11555490449257438,"확률 기반 동적 배분: 상승 40.8%, 하락 27.7%, 횡보 31.5%, 고변동 30.4% 반영",0.05350828541719288,0.010209363922536685,0.0037072693201214424,0.03798722282482311,0.05350828541719288,0.036188716819330405,0.030558405749381734,438457536.9038265,817134944.5734894,385519791.7409734,319912700.02960694
2024-11-29,505.7136840820313,횡보,횡보,정상,정상,30.1726,21.8547,47.9727,14.0462,85.9538,0.6845842400000001,0.203793402,0.111622358,"확률 기반 동적 배분: 상승 30.2%, 하락 21.9%, 횡보 48.0%, 고변동 14.0% 반영",0.004540339984500763,-0.02258420902574132,0.004031282711451034,-0.0010442863091870644,0.004540339984500763,-0.00630947961959607,-0.003698836173181808,437999661.7008779,820845015.0350692,383087362.47203285,318729395.3624772
2024-12-31,508.0097961425781,횡보,횡보,정상,정상,33.6369,17.1785,49.1845,14.5087,85.4913,0.7064411225567826,0.1889262941742472,0.10463258326897028,"확률 기반 동적 배분: 상승 33.6%, 하락 17.2%, 횡보 49.2%, 고변동 14.5% 반영",0.021633962525977823,0.0061655695911537745,0.0035001039221165264,0.016814183901614158,0.021633962525977823,0.015446605352048205,0.01336667292475835,445364268.5615613,838603145.3299736,389004761.77549535,322989746.9417934
2025-01-31,519.0000610351562,횡보,횡보,정상,정상,35.8235,19.725,44.4515,18.92,81.08,0.6766477218000001,0.21771704379999998,0.1056352344,"확률 기반 동적 배분: 상승 35.8%, 하락 19.7%, 횡보 44.5%, 고변동 18.9% 반영",-0.027034690191345634,0.027997227913516554,0.0032374770398226893,-0.01185549618565088,-0.027034690191345634,-0.0050219229494007575,-0.004470681313653313,440084254.1744045,815931769.1024897,387051209.83490884,321545762.71563905
2025-02-28,504.9690551757813,상승,상승,정상,정상,47.2958,22.7378,29.9663,20.3574,79.6426,0.71338283002615,0.18156219907270507,0.1050549709011449,"확률 기반 동적 배분: 상승 47.3%, 하락 22.7%, 횡보 30.0%, 고변동 20.4% 반영",-0.07586186015372387,0.0034195017100866476,0.0032701894665476683,-0.05315414657804595,-0.07586186015372387,-0.04414931540819966,-0.03625104167052641,416691951.2213282,754033667.3398561,369963163.89278215,309889393.8724532
2025-03-31,466.6611633300781,하락,불확실,정상,정상,34.8072,46.0895,19.1032,14.9584,85.0416,0.6221347158395849,0.25033552023991107,0.12752976392050402,"확률 기반 동적 배분: 상승 34.8%, 하락 46.1%, 횡보 19.1%, 고변동 15.0% 반영",0.013968234619466058,0.010561143617132451,0.003402433979927233,0.011767864659700656,0.013968234619466058,0.012605398218532616,0.010832947190858212,421595525.7080873,764566186.5162357,374626696.8998389,313246409.31128055
2025-04-30,473.1795959472656,하락,하락,고변동,고변동,11.0683,53.1173,35.8145,82.6618,17.3382,0.40503394417481586,0.3630707390853189,0.23189531673986524,"확률 기반 동적 배분: 상승 11.1%, 하락 53.1%, 횡보 35.8%, 고변동 82.7% 반영",0.09178286516305012,-0.012396090522972303,0.0036319071478740916,0.03351674039513746,0.09178286516305012,0.050111282888641154,0.04289898685420819,435726033.4949968,834740261.7214828,393399721.285824,326684362.90645313
2025-05-30,516.609375,하락,불확실,고변동,고변동,26.5888,48.2324,25.1789,59.8206,40.1794,0.5035119168110033,0.30607000358468245,0.1904180796043144,"확률 기반 동적 배분: 상승 26.6%, 하락 48.2%, 횡보 25.2%, 고변동 59.8% 반영",0.06385843881377973,0.016019463694065594,0.003347149285002571,0.03769391998095089,0.06385843881377973,0.04472284876589407,0.03740448837211005,452150255.73517436,888045471.6500225,410993677.52543485,338903824.36013776
2025-06-30,549.5992431640625,상승,상승,정상,고변동,45.2088,34.1824,20.6088,48.7533,51.2467,0.6299458158602667,0.23603323622288,0.13402094791685334,"확률 기반 동적 배분: 상승 45.2%, 하락 34.2%, 횡보 20.6%, 고변동 48.8% 반영",0.024236742992552518,-0.005939113323492284,0.0035655814989317136,0.01434386931256241,0.024236742992552518,0.012166400466134597,0.011049753799014917,458635839.91308135,909568801.5121042,415993991.1952587,342648628.18086183
2025-07-31,562.9197387695312,횡보,횡보,정상,정상,12.0451,38.7727,49.1822,32.3316,67.6684,0.5823934966863333,0.2743361771272667,0.14327032618640007,"확률 기반 동적 배분: 상승 12.0%, 하락 38.8%, 횡보 49.2%, 고변동 32.3% 반영",0.00953975641223459,0.016481466990222238,0.0037078395880816295,0.010608578129235281,0.00953975641223459,0.01231644064342965,0.010455886220800292,463501314.0536667,918245866.3186978,421117556.4958385,346231323.25083417
2025-08-29,568.2898559570312,횡보,횡보,정상,정상,23.4927,15.3372,61.1701,10.6529,89.3471,0.69354493,0.19936565900000003,0.10708941100000001,"확률 기반 동적 배분: 상승 23.5%, 하락 15.3%, 횡보 61.2%, 고변동 10.7% 반영",0.05376226752821256,0.006511065938461735,0.0033023535900389422,0.03893827812198033,0.05376226752821256,0.03486178689231223,0.029494924263652588,481549257.1301917,967612846.240399,435798467.0070077,356443389.9078218
2025-09-30,598.8424072265625,횡보,횡보,정상,정상,21.1968,23.0098,55.7934,20.8009,79.1991,0.64652098,0.22683376899999996,0.126645251,"확률 기반 동적 배분: 상승 21.2%, 하락 23.0%, 횡보 55.8%, 고변동 20.8% 반영",0.0478039193862998,0.007112710007968204,0.003510825243488558,0.03296426897256174,0.0478039193862998,0.031527435634967155,0.02673793774423807,497423176.3657686,1013868532.7392231,449538075.1253885,365973951.0765223
2025-10-31,627.4694213867188,횡보,횡보,정상,정상,16.7037,22.9714,60.3249,26.0876,73.9124,0.62588737,0.23867746600000003,0.13543516400000002,"확률 기반 동적 배분: 상승 16.7%, 하락 23.0%, 횡보 60.3%, 고변동 26.1% 반영",-0.015610489765097046,0.00988133045131212,0.002875538807664002,-0.007022508400656358,-0.015610489765097046,-0.005413761678533378,-0.004265737985622087,493930017.9310588,998041548.3857435,447104383.12123305,364412802.09166694
2025-11-28,617.67431640625,횡보,횡보,정상,정상,25.1956,18.8681,55.9363,11.6573,88.3427,0.68540156,0.20434609300000003,0.110252347,"확률 기반 동적 배분: 상승 25.2%, 하락 18.9%, 횡보 55.9%, 고변동 11.7% 반영",-0.00669922537365697,-0.0076118213544253965,0.0033519975344511455,-0.005777539880975416,-0.00669922537365697,-0.00706426376596434,-0.004962759586265874,491076317.5540512,991355443.1208339,443945919.8279459,362604308.9647285
2025-12-31,613.536376953125,상승,불확실,정상,정상,36.0496,33.4686,30.4818,12.3403,87.6597,0.653012140564,0.24408925585753335,0.10289860357846667,"확률 기반 동적 배분: 상승 36.0%, 하락 33.5%, 횡보 30.5%, 고변동 12.3% 반영",0.012306484762509173,-0.0022878504853144355,0.0029546694503141957,0.007781875595583953,0.012306484762509173,0.006468750663379729,0.006057821125723096,494897812.36519426,1003555543.775831,446817695.29133767,364800901.00785327
2026-01-30,621.0868530273438,하락,불확실,정상,정상,36.599,40.0149,23.3861,14.1288,85.8712,0.6481802453157333,0.24582417155880001,0.10599558312546667,"확률 기반 동적 배분: 상승 36.6%, 하락 40.0%, 횡보 23.4%, 고변동 14.1% 반영",-0.02958818233732352,0.024699801256894194,0.0026703571577435525,-0.012823621040121691,-0.02958818233732352,-0.007872988899636434,-0.006850079360044792,488551430.36583775,973862159.3609599,443299904.53614783,362301985.88533366
