Date,Close,direction_pred_label,final_direction,risk_pred_label,final_risk,prob_상승,prob_하락,prob_횡보,prob_고변동,prob_정상,stock_weight,bond_weight,cash_weight,allocation_reason,VTI_next_month_return,IEF_next_month_return,BIL_next_month_return,strategy_return,stock_benchmark_return,benchmark_60_40_return,static_50_30_20_return,strategy_capital,stock_capital,benchmark_60_40_capital,static_50_30_20_capital
2013-12-31,78.08462524414062,횡보,횡보,정상,정상,10.4005,5.2145,84.385,0.3502,99.6498,0.70972739,0.19303181200000002,0.09724079800000002,"확률 기반 동적 배분: 상승 10.4%, 하락 5.2%, 횡보 84.4%, 고변동 0.4% 반영",-0.03169323443326377,0.030633586783926026,0.0,-0.016580299790017933,-0.03169323443326377,-0.006762505946387852,-0.006656541181454079,98341970.02099821,96830676.55667362,99323749.40536122,99334345.8818546
2014-01-31,75.60987091064453,횡보,횡보,정상,정상,42.9292,6.0331,51.0377,2.1287,97.8713,0.723188423756,0.1909759619039667,0.08583561434003334,"확률 기반 동적 배분: 상승 42.9%, 하락 6.0%, 횡보 51.0%, 고변동 2.1% 반영",0.04866504539653893,0.003574723111724687,0.00021843665156628944,0.03589543330132071,0.04866504539653893,0.030628916482613233,0.025448626962100127,101871997.64660743,101542945.82708171,102365928.23063804,101862268.59472615
2014-02-28,79.2894287109375,횡보,횡보,정상,정상,26.0553,8.1417,65.803,11.3749,88.6251,0.72023833,0.18120305900000003,0.098558611,"확률 기반 동적 배분: 상승 26.1%, 하락 8.1%, 횡보 65.8%, 고변동 11.4% 반영",0.005093997435104081,-0.005611031942767686,-0.00021838894741577075,0.002630631942192379,0.005093997435104081,0.000811985683955374,0.0008200113452385804,102139985.37763155,102060205.33267778,102449047.89888613,101945796.81062555
2014-03-31,79.69332885742188,횡보,횡보,정상,정상,30.9231,12.6765,56.4004,1.0488,98.9512,0.73739041,0.17363325799999998,0.088976332,"확률 기반 동적 배분: 상승 30.9%, 하락 12.7%, 횡보 56.4%, 고변동 1.0% 반영",0.0006152851105023505,0.0075834822354223785,0.0,0.0017704500674217338,0.0006152851105023505,0.003402563960470362,0.0025826872258778886,102320819.12162983,102123001.4573938,102797637.33705139,102209090.9177803
2014-04-30,79.74236297607422,횡보,횡보,정상,정상,34.8049,2.2255,62.9696,1.3152,98.6848,0.7779683900000001,0.14634798200000002,0.075683628,"확률 기반 동적 배분: 상승 34.8%, 하락 2.2%, 횡보 63.0%, 고변동 1.3% 반영",0.021019153192918028,0.01825392759745781,0.0,0.01902366223611986,0.021019153192918028,0.01991306295473394,0.015985754875696357,104267335.82432285,104269540.46954735,104844653.160942,103842980.39125969
2014-05-30,81.4184799194336,횡보,횡보,정상,정상,21.0037,5.9436,73.0527,0.2444,99.7556,0.73423853,0.17637887400000002,0.08938259600000002,"확률 기반 동적 배분: 상승 21.0%, 하락 5.9%, 횡보 73.1%, 고변동 0.2% 반영",0.026212266612492208,-0.002167776633978935,-0.0002185397850182902,0.018844172450425425,0.026212266612492208,0.01486024931390375,0.012412092359048766,106232167.4815428,107002681.46389717,106402670.84614338,105131889.05471489
2014-06-30,83.55264282226562,횡보,횡보,정상,정상,35.7383,3.1936,61.068,0.027,99.973,0.7797164297650298,0.14565390563203562,0.0746296646029346,"확률 기반 동적 배분: 상승 35.7%, 하락 3.2%, 횡보 61.1%, 고변동 0.0% 반영",-0.019946925565397455,-0.0022054591944519197,-0.00021848439909977202,-0.015890484749450297,-0.019946925565397455,-0.01285033901701924,-0.010678797420854258,104544086.8442763,104868306.94143888,105035360.45345412,104009206.90902787
2014-07-31,81.88602447509766,횡보,횡보,정상,정상,41.6639,2.6879,55.6482,5.2063,94.7937,0.7774666241368666,0.14629641486092665,0.07623696100220667,"확률 기반 동적 배분: 상승 41.7%, 하락 2.7%, 횡보 55.6%, 고변동 5.2% 반영",0.04150782192991409,0.018802969027369443,0.0002185321449641453,0.03503841337518306,0.04150782192991409,0.03242588076889623,0.026438508102160706,108207145.77505709,109221161.95205571,108441224.52803586,106759055.16859153
2014-08-29,85.2849349975586,횡보,횡보,정상,정상,19.2401,3.6888,77.0711,0.2876,99.7124,0.73651617,0.17490238600000002,0.08858144400000001,"확률 기반 동적 배분: 상승 19.2%, 하락 3.7%, 횡보 77.1%, 고변동 0.3% 반영",-0.020966291710661222,-0.010494675720734037,0.0,-0.017277556693691604,-0.020966291710661222,-0.016777645314690347,-0.013631548571550823,106337590.67926599,106931199.20959154,106621836.12541378,105303763.922608
2014-09-30,83.496826171875,횡보,횡보,정상,정상,33.5541,2.8315,63.6144,0.5958,99.4042,0.7743183100000001,0.14910362800000002,0.076578062,"확률 기반 동적 배분: 상승 33.6%, 하락 2.8%, 횡보 63.6%, 고변동 0.6% 반영",0.02745928032795031,0.0153625269339972,-0.00021848439909977202,0.023536100926601137,0.02745928032795031,0.022620578970369065,0.01829470136435436,108840362.94578479,109867452.98449162,109033683.78945445,107230264.8361146
2014-10-31,85.78958892822266,횡보,횡보,정상,정상,30.5872,25.2904,44.1224,6.2766,93.7234,0.6854612494656,0.20819121636874668,0.10634753416565335,"확률 기반 동적 배분: 상승 30.6%, 하락 25.3%, 횡보 44.1%, 고변동 6.3% 반영",0.024802987884064986,0.012886624786762724,0.0,0.0196843691547351,0.024802987884064986,0.020036442645144082,0.01626748137806131,110982816.82894497,112592494.08971904,111218330.94109061,108974631.17250067
2014-11-28,87.91742706298828,횡보,횡보,정상,정상,30.9092,5.9714,63.1194,2.5848,97.4152,0.75470616,0.16149084800000002,0.083802992,"확률 기반 동적 배분: 상승 30.9%, 하락 6.0%, 횡보 63.1%, 고변동 2.6% 반영",-0.0003832164722684661,0.0012942080022415592,-0.00021873850204157108,-9.854402540078701e-05,-0.0003832164722684661,0.00028775331753554405,0.0001529064641299205,110971880.13542433,112549346.79133007,111250334.38478969,108991294.09803312
2014-12-31,87.88373565673828,횡보,횡보,정상,정상,38.6732,12.6558,48.671,13.166,86.834,0.706665397536,0.19683277936240007,0.0965018231016,"확률 기반 동적 배분: 상승 38.7%, 하락 12.7%, 횡보 48.7%, 고변동 13.2% 반영",-0.027358307686791816,0.04302269274648829,-0.0002184767557037448,-0.010885976593683818,-0.027358307686791816,0.0007940924865202266,-0.0008160413705901703,109763842.84571302,109470187.13186543,111338677.4394475,108902352.69301495
2015-01-30,85.47938537597656,횡보,횡보,정상,정상,29.8932,27.7764,42.3304,11.1184,88.8816,0.6677360110197333,0.2199353607613867,0.11232862821888003,"확률 기반 동적 배분: 상승 29.9%, 하락 27.8%, 횡보 42.3%, 고변동 11.1% 반영",0.05741981803923868,-0.024717429227666954,0.0,0.03290504353671919,0.05741981803923868,0.024564919132476423,0.021294680251319253,113375626.8733088,115755945.35769854,114073703.04706441,111221393.4722291
2015-02-27,90.3875961303711,횡보,횡보,정상,정상,31.6036,13.169,55.2274,3.8686,96.1314,0.73253852,0.17574544600000006,0.09171603400000003,"확률 기반 동적 배분: 상승 31.6%, 하락 13.2%, 횡보 55.2%, 고변동 3.9% 반영",-0.011628742218785515,0.008560905507470462,0.0,-0.007013961457836404,-0.011628742218785515,-0.003552883128283124,-0.0032460994571516188,112580414.59616137,114409849.30884205,113668412.51212771,110860357.76725525
2015-03-31,89.33650207519531,횡보,횡보,정상,정상,33.9502,18.0186,48.0312,16.4129,83.5871,0.698134940992,0.1951932831352667,0.10667177587273335,"확률 기반 동적 배분: 상승 34.0%, 하락 18.0%, 횡보 48.0%, 고변동 16.4% 반영",0.006154055582494822,-0.006330326417010923,-0.00021893739288614267,0.003037369593788128,0.006154055582494822,0.0011603027826925234,0.0011341423875669055,112922362.92431182,115113933.88067351,113800302.28746977,110986089.19809991
2015-04-30,89.88628387451172,횡보,횡보,정상,정상,24.0,2.7145,73.2855,1.7071,98.2929,0.74878372,0.16601175099999999,0.085204529,"확률 기반 동적 배분: 상승 24.0%, 하락 2.7%, 횡보 73.3%, 고변동 1.7% 반영",0.012973392776432613,-0.0041629598687328295,-0.000218882090695649,0.009004515301563015,0.012973392776432613,0.006118851718366436,0.005194032009457328,113939174.06915243,116607352.15894778,114496629.46267207,111562554.49799931
2015-05-29,91.05241394042967,횡보,횡보,정상,정상,20.6435,3.1647,76.1919,0.5766,99.4234,0.741076727885392,0.17170252476452125,0.08722074735008667,"확률 기반 동적 배분: 상승 20.6%, 하락 3.2%, 횡보 76.2%, 고변동 0.6% 반영",-0.016748444122387962,-0.016309001374343324,0.0,-0.015212178879753393,-0.016748444122387962,-0.016572667023170104,-0.013266922473496978,112205910.97180113,114654360.43705402,112599114.94731192,110082462.73652908
2015-06-30,89.52742767333984,상승,불확실,정상,정상,49.6439,2.7371,47.619,1.5302,98.4698,0.6720233645227334,0.23276392052645334,0.09521271495081335,"확률 기반 동적 배분: 상승 49.6%, 하락 2.7%, 횡보 47.6%, 고변동 1.5% 반영",0.017006121842536803,0.015183933553067464,0.0,0.014962783120930271,0.017006121842536803,0.01627724652674907,0.01305824098718864,113884823.6825586,116604186.46042469,114431918.50000308,111519946.0634059
2015-07-31,91.04994201660156,횡보,횡보,정상,정상,20.5001,2.6196,76.8802,1.5674,98.4326,0.7405701733914933,0.17165859438900039,0.08777123221950622,"확률 기반 동적 배분: 상승 20.5%, 하락 2.6%, 횡보 76.9%, 고변동 1.6% 반영",-0.06091520280795415,0.0007900695126086266,0.0,-0.044976360083660585,-0.06091520280795415,-0.036233093879729034,-0.030220580550194488,108762698.84454764,109501218.79393142,110285696.05415496,108149748.5504434
2015-08-31,85.50361633300781,횡보,횡보,고변동,고변동,17.2287,28.4408,54.3306,56.8134,43.1866,0.5554852722506077,0.2736116364072176,0.17090309134217466,"확률 기반 동적 배분: 상승 17.2%, 하락 28.4%, 횡보 54.3%, 고변동 56.8% 반영",-0.029229695738338002,0.015792563997003572,-0.00043734367674364005,-0.011990379603061698,-0.029229695738338002,-0.011220791844201373,-0.009964547405416658,107458592.79874803,106300531.48560762,109048203.21533844,107072085.25412862
2015-09-30,83.0043716430664,상승,상승,고변동,고변동,40.1708,34.568,25.2612,79.6276,20.3724,0.6139154728864,0.25573128938592,0.13035323772768004,"확률 기반 동적 배분: 상승 40.2%, 하락 34.6%, 횡보 25.3%, 고변동 79.6% 반영",0.07911256247846299,-0.006369562285741148,-0.00021902580010280115,0.04691097910687466,0.07911256247846299,0.04491971257278133,0.03760160739348859,112499580.60038425,114710238.92425658,113946617.1603497,111098167.7666565
2015-10-30,89.57106018066406,하락,불확실,정상,정상,25.864,40.7894,33.3466,3.741,96.259,0.6405359736896,0.24673465608144002,0.11272937022896001,"확률 기반 동적 배분: 상승 25.9%, 하락 40.8%, 횡보 33.3%, 고변동 3.7% 반영",0.006007789607349379,-0.0042769089835781315,0.00021907378291330382,0.0028176397482925154,0.006007789607349379,0.0018939101709783742,0.0017646368651839106,112816563.89035012,115399393.90552229,114162421.81753825,111294215.68915191
2015-11-30,90.10918426513672,횡보,횡보,정상,정상,29.7845,12.7814,57.4341,7.2614,92.7386,0.7230465300000001,0.180810884,0.096142586,"확률 기반 동적 배분: 상승 29.8%, 하락 12.8%, 횡보 57.4%, 고변동 7.3% 반영",-0.021234394885152108,-0.004530225810716715,-0.00021902580010280115,-0.01619362737873689,-0.021234394885152108,-0.014552727255377951,-0.012020070345811628,110989654.49256033,112948957.60582522,112501047.2300142,109956451.38748637
2015-12-31,88.19577026367188,상승,불확실,정상,정상,38.7307,22.9457,38.3236,15.3318,84.6682,0.6513676500074,0.24843858065152,0.10019376934108001,"확률 기반 동적 배분: 상승 38.7%, 하락 22.9%, 횡보 38.3%, 고변동 15.3% 반영",-0.05723877413106371,0.033336712363183585,0.00021907378291330382,-0.02897941046388413,-0.05723877413106371,-0.02100857953336479,-0.01857455859999412,107773239.73777574,106483897.7330863,110137560.03169562,107914058.83774209
2016-01-29,83.14755249023438,하락,하락,정상,고변동,11.2611,54.6523,34.0867,45.7823,54.2177,0.46606604952581054,0.3366773806062824,0.19725656986790713,"확률 기반 동적 배분: 상승 11.3%, 하락 54.7%, 횡보 34.1%, 고변동 45.8% 반영",-0.00010203411242615257,0.014859850754840531,0.0,0.004955420992644668,-0.00010203411242615257,0.005882719834480522,0.004406938170239083,108307301.51241763,106473032.74309343,110785468.44061537,108389629.42273958
2016-02-29,83.13906860351562,횡보,횡보,고변동,고변동,24.4476,35.4699,40.0824,60.7435,39.2565,0.6177109321584239,0.25885807322995036,0.12343099461162578,"확률 기반 동적 배분: 상승 24.4%, 하락 35.5%, 횡보 40.1%, 고변동 60.7% 반영",0.07109924710962545,-0.00066100184722373,0.0,0.043747676543275084,0.07109924710962545,0.04239514752688578,0.035351323000645606,113045494.30625786,114043185.20860587,115482234.71899042,112221346.22238314
2016-03-31,89.0501937866211,하락,불확실,정상,정상,23.9455,49.3271,26.7275,6.6396,93.3604,0.5884696175791023,0.2702018523762237,0.14132853004467397,"확률 기반 동적 배분: 상승 23.9%, 하락 49.3%, 횡보 26.7%, 고변동 6.6% 반영",0.006582512471955182,-0.0015615668068237332,0.0004375350299223868,0.0035135065358901235,0.006582512471955182,0.0033248807604436157,0.0029102931999149483,113442680.38935584,114793875.89758301,115866199.37938061,112547943.24317946
2016-04-29,89.63636779785156,횡보,횡보,정상,정상,23.8898,24.5454,51.5647,5.3685,94.6315,0.676424986088286,0.21282663347814854,0.11074838043356545,"확률 기반 동적 배분: 상승 23.9%, 하락 24.5%, 횡보 51.6%, 고변동 5.4% 반영",0.0173447235287838,-0.000991967900176638,0.0,0.01152128718294977,0.0173447235287838,0.010010046957199625,0.008374771394338908,114749686.08892518,116784943.9378241,117026025.47592045,113490506.53874412
2016-05-31,91.19108581542967,횡보,횡보,정상,정상,19.0238,7.5415,73.4348,3.2026,96.7974,0.719170295065025,0.18533666325744277,0.09549304167753232,"확률 기반 동적 배분: 상승 19.0%, 하락 7.5%, 횡보 73.4%, 고변동 3.2% 반영",0.002733715297712047,0.03087572408991246,-0.0002186202039353713,0.007667533807515213,0.002733715297712047,0.013990518814592212,0.010585850835042687,115629533.18641376,117104200.72560938,118663280.28713825,114691900.1121567
2016-06-30,91.44037628173828,상승,상승,정상,정상,45.7233,15.9953,38.2814,26.0242,73.9758,0.6844702804867333,0.21295947677365334,0.10257024273961335,"확률 기반 동적 배분: 상승 45.7%, 하락 16.0%, 횡보 38.3%, 고변동 26.0% 반영",0.039754121579041124,0.0024643735554130686,0.0004376458927237703,0.027780215896096243,0.039754121579041124,0.0248382223695899,0.020703902034689237,118841746.58229716,121759575.3586717,121610665.23001517,117066469.97625117
2016-07-29,95.07550811767578,횡보,횡보,정상,정상,22.9764,7.8031,69.2205,2.8675,97.1325,0.7288702,0.17886899500000003,0.09226080500000003,"확률 기반 동적 배분: 상승 23.0%, 하락 7.8%, 횡보 69.2%, 고변동 2.9% 반영",0.0020643992085533913,-0.010114105629669523,0.0,-0.0003044208452846779,0.0020643992085533913,-0.0028070027267357743,-0.0020020320846241614,118805568.67734747,122010935.72967593,121269303.76111437,116832099.14732502
2016-08-31,95.27178192138672,횡보,횡보,정상,정상,28.1799,6.2902,65.5299,5.221,94.779,0.74218135,0.16890358000000003,0.08891507000000001,"확률 기반 동적 배분: 상승 28.2%, 하락 6.3%, 횡보 65.5%, 고변동 5.2% 반영",0.001990956850082437,0.002374653382020586,0.00021898533696473876,0.0018982095968335087,0.001990956850082437,0.0021444354628576967,0.001751671507040342,119031086.54796806,122253854.2379519,121529357.95665577,117036750.60650909
2016-09-30,95.46146392822266,횡보,횡보,정상,정상,33.6933,2.9498,63.3569,4.0078,95.9922,0.76816981,0.151867308,0.07996288200000001,"확률 기반 동적 배분: 상승 33.7%, 하락 2.9%, 횡보 63.4%, 고변동 4.0% 반영",-0.021916790045015788,-0.014946604810278763,0.00021852449822712394,-0.019088243232300708,-0.021916790045015788,-0.019128715951120978,-0.015398671565946098,116758992.2157354,119574442.18242475,119204657.3885808,115234540.12277392
2016-10-31,93.36925506591795,횡보,횡보,정상,정상,35.0754,2.1782,62.7464,1.1991,98.8009,0.77899552,0.14569949100000001,0.07530498900000002,"확률 기반 동적 배분: 상승 35.1%, 하락 2.2%, 횡보 62.7%, 고변동 1.2% 반영",0.044907479472908296,-0.042272802701652124,-0.0004373663158585561,0.028790663621508686,0.044907479472908296,0.010035366603084128,0.0096844256627868,120120561.085405,124944228.99021645,120400919.82627025,116350520.46037835
2016-11-30,97.5622329711914,횡보,횡보,정상,정상,23.2388,2.9986,73.7626,0.6304,99.3696,0.74796648,0.167001864,0.08503165600000001,"확률 기반 동적 배분: 상승 23.2%, 하락 3.0%, 횡보 73.8%, 고변동 0.6% 반영",0.019866782684611284,-0.0011844799322650035,0.00021939832204154186,0.014680532959621614,0.019866782684611284,0.011446277637860769,0.009621927027034448,121883994.94154753,127426468.83526139,121779062.18245555,117470036.67780557
2016-12-30,99.50048065185548,횡보,횡보,정상,정상,28.5675,4.3321,67.1004,0.6902,99.3098,0.7571800900000001,0.160658512,0.08216139800000001,"확률 기반 동적 배분: 상승 28.6%, 하락 4.3%, 횡보 67.1%, 고변동 0.7% 반영",0.0185569748546337,0.0021936021801720607,0.0004373584868655467,0.014439326737453722,0.0185569748546337,0.012011625784849043,0.010024039778741578,123643917.76857468,129791118.6132521,123241826.70582107,118647560.99827413
2017-01-31,101.34690856933594,횡보,횡보,정상,정상,24.1734,2.53,73.2966,0.1575,99.8425,0.75256,0.164092795,0.08334720500000001,"확률 기반 동적 배분: 상승 24.2%, 하락 2.5%, 횡보 73.3%, 고변동 0.2% 반영",0.03694900126786571,0.007236353474401547,0.0005029951685637801,0.029035697102795827,0.03694900126786571,0.025063942150480047,0.020746005709966073,127234005.11350602,134586770.81945086,126330752.72089526,121109023.97621787
2017-02-28,105.0915756225586,횡보,횡보,정상,정상,38.5336,2.8109,58.6554,0.0,100.0,0.7879013879013879,0.14011462011462014,0.071983991983992,"확률 기반 동적 배분: 상승 38.5%, 하락 2.8%, 횡보 58.7%, 고변동 0.0% 반영",0.0005523950197185989,0.0008054256792739967,-0.0001754183872914039,0.0005354574000035053,0.0005523950197185989,0.000653607283540758,0.0004827415361832177,127302133.50307614,134661115.88137153,126413323.42100883,121167488.33249779
2017-03-31,105.14962768554688,횡보,횡보,정상,정상,16.435,2.1453,81.4197,0.3361,99.6639,0.73404662,0.17662334100000004,0.08933003900000001,"확률 기반 동적 배분: 상승 16.4%, 하락 2.1%, 횡보 81.4%, 고변동 0.3% 반영",0.010633084538489213,0.01108829359655128,0.0007444985702078633,0.009830137312976174,0.010633084538489213,0.010815168161714038,0.008791930062251563,128553530.95564619,136092978.91058543,127780504.7716882,122232784.41573581
2017-04-28,106.26769256591795,횡보,횡보,정상,정상,22.298,4.6834,73.0187,2.5394,97.4606,0.7371238383052416,0.17351714253977146,0.08935901915498685,"확률 기반 동적 배분: 상승 22.3%, 하락 4.7%, 횡보 73.0%, 고변동 2.5% 반영",0.010113133878284275,0.008267277202653744,0.00015284981943519682,0.008902804888387097,0.010113133878284275,0.009374791208032062,0.0075673200638253,129698017.95945753,137469305.4262027,128978420.3243797,123157759.01770224
2017-05-31,107.34239196777344,횡보,횡보,정상,정상,8.587,9.0723,82.3407,2.447,97.553,0.689846,0.20552877,0.10462523000000001,"확률 기반 동적 배분: 상승 8.6%, 하락 9.1%, 횡보 82.3%, 고변동 2.4% 반영",0.00947306039369189,-0.005095071069313839,0.0010291826401920279,0.005595447600850215,0.00947306039369189,0.003645807808489598,0.0034138454040901992,130423736.42288381,138771560.458784,129448650.85632497,123578200.56730287
2017-06-30,108.3592529296875,횡보,횡보,정상,정상,23.403,2.5542,74.0429,0.5504,99.4496,0.7498541291551508,0.16576915867666536,0.08437671216818385,"확률 기반 동적 배분: 상승 23.4%, 하락 2.6%, 횡보 74.0%, 고변동 0.6% 반영",0.01880261614840495,0.0037479213081865748,0.00032757506739899966,0.014748148827020604,0.01880261614840495,0.012780738212317599,0.010591199480138246,132347245.09822462,141380828.8424057,131103100.17485735,124887041.9409077
2017-07-31,110.39669036865234,횡보,횡보,정상,정상,30.7406,3.6535,65.6059,0.3803,99.6197,0.76520646,0.15535602300000004,0.07943751700000001,"확률 기반 동적 배분: 상승 30.7%, 하락 3.7%, 횡보 65.6%, 고변동 0.4% 반영",0.0014986957421658786,0.014575995841071165,0.0011380071968818406,0.003501680874661605,0.0014986957421658786,0.0067296157817279935,0.005349748062780656,132810682.91519922,141592715.6886157,131985373.66682754,125555156.15159748
2017-08-31,110.56214141845705,횡보,횡보,정상,정상,17.3301,10.8525,71.8174,3.5517,96.4483,0.70437469,0.19512070699999998,0.100504603,"확률 기반 동적 배분: 상승 17.3%, 하락 10.9%, 횡보 71.8%, 고변동 3.6% 반영",0.024400823621903545,-0.014415717764179381,0.0007218306167200428,0.01444706483193054,0.024400823621903545,0.008874207067470373,0.008020062605041966,134729407.46164808,145047694.57027996,133156639.20262443,126562116.36431912
2017-09-29,113.25994873046876,횡보,횡보,정상,정상,26.1829,3.9769,69.8402,0.173,99.827,0.7532151499999999,0.163583,0.08320185000000001,"확률 기반 동적 배분: 상승 26.2%, 하락 4.0%, 횡보 69.8%, 고변동 0.2% 반영",0.021695351119364492,-0.0018899180441669383,0.0007001493364298117,0.016090362404323065,0.021695351119364492,0.01226124345395192,0.010420730013718127,136897252.45422572,148194555.23303652,134789305.17339784,127880986.00891648
2017-10-31,115.7171630859375,횡보,횡보,정상,정상,38.9899,3.2955,57.7146,0.2732,99.7268,0.78709649,0.14052946200000002,0.072374048,"확률 기반 동적 배분: 상승 39.0%, 하락 3.3%, 횡보 57.7%, 고변동 0.3% 반영",0.030302928409049024,-0.002792368931743505,0.0005472248586053663,0.02349852336198384,0.030302928409049024,0.01706480947273201,0.014423198496722535,140114135.73921272,152685284.2308741,137089458.98514378,129725438.85407968
2017-11-30,119.2237319946289,횡보,횡보,정상,정상,34.0328,7.2054,58.7618,0.1772,99.8228,0.76314684,0.15669857200000004,0.08015458800000003,"확률 기반 동적 배분: 상승 34.0%, 하락 7.2%, 횡보 58.8%, 고변동 0.2% 반영",0.011610433372776008,0.0018476585876094909,0.0007436997632042086,0.009209601949801827,0.011610433372776008,0.0077053234587094,0.006508254215311693,141404531.15691137,154458026.55044,138145777.6094038,130569724.9883349
2017-12-29,120.60797119140624,횡보,횡보,정상,정상,29.1459,3.4878,67.3663,0.6537,99.3463,0.76122469,0.157957067,0.08081824300000001,"확률 기반 동적 배분: 상승 29.1%, 하락 3.5%, 횡보 67.4%, 고변동 0.7% 반영",0.05231299603601358,-0.021502268547594405,0.0013127325730522,0.03653160165694425,0.05231299603601358,0.022786890202570388,0.01996836396833891,146570265.16162264,162538188.68110368,141293690.27573797,133176988.7801479
2018-01-31,126.9173355102539,횡보,횡보,정상,정상,27.0041,6.4803,66.5157,2.6423,97.3577,0.7433131619306981,0.16919392594633706,0.08749291212296488,"확률 기반 동적 배분: 상승 27.0%, 하락 6.5%, 횡보 66.5%, 고변동 2.6% 반영",-0.03759569479593072,-0.009328009843479368,0.0008313482164457042,-0.02945088030398404,-0.03759569479593072,-0.02628862081495018,-0.02142998070772003,142253641.8262245,156427452.5467655,137579274.02853408,130323008.47987707
2018-02-28,122.14579010009766,상승,상승,정상,정상,40.7796,25.6811,33.5394,28.3152,71.6848,0.6615545343751944,0.22826600803898206,0.1101794575858236,"확률 기반 동적 배분: 상승 40.8%, 하락 25.7%, 횡보 33.5%, 고변동 28.3% 반영",-0.01963173645195504,0.011557872299047922,0.0013009203625391486,-0.010205860196414732,-0.01963173645195504,-0.0071558929515538544,-0.006088322463755314,140801821.0453152,153356510.0245167,136594771.4712334,129529559.97980486
2018-03-29,119.74785614013672,하락,하락,고변동,고변동,13.7712,69.4283,16.8005,60.5383,39.4617,0.38963152,0.381007167,0.229361313,"확률 기반 동적 배분: 상승 13.8%, 하락 69.4%, 횡보 16.8%, 고변동 60.5% 반영",0.004494574304338306,-0.012765476596611314,0.0010395271648115934,-0.0028740829401070474,0.004494574304338306,-0.002409446056041543,-0.0013744503938519221,140397144.93351287,154045782.25387588,136265653.73783615,129351528.02507515
2018-04-30,120.28607177734376,하락,불확실,정상,정상,27.0523,49.9186,23.0292,27.0082,72.9918,0.557325432059808,0.28288578219085986,0.15978878574933225,"확률 기반 동적 배분: 상승 27.1%, 하락 49.9%, 횡보 23.0%, 고변동 27.0% 반영",0.02721338950773977,0.00986118769367561,0.0014982222898531905,0.018195702979747447,0.02721338950773977,0.020272508782114108,0.01686469551994321,142951769.68192762,158237890.12837508,139028100.39993694,131533002.16025744
2018-05-31,123.55946350097656,상승,상승,정상,정상,38.1791,29.4938,32.3271,4.7593,95.2407,0.6688823011813334,0.22968894199173334,0.10142875682693334,"확률 기반 동적 배분: 상승 38.2%, 하락 29.5%, 횡보 32.3%, 고변동 4.8% 반영",0.0070355474768859505,0.001974459148357477,0.0014874208686697088,0.005310331868789732,0.0070355474768859505,0.005011112145474561,0.0044075956566841604,143710891.02016944,159351180.31701553,139724785.8024133,132112746.44928963
2018-06-29,124.42877197265624,횡보,횡보,정상,정상,43.5574,7.7091,48.7336,1.0297,98.9703,0.6962105325124968,0.21280204736891883,0.09098742011858435,"확률 기반 동적 배분: 상승 43.6%, 하락 7.7%, 횡보 48.7%, 고변동 1.0% 반영",0.03318423891209887,-0.005277910155309429,0.0013889517789520411,0.02210644369617118,0.03318423891209887,0.017799379285135555,0.015286536765247015,146887827.7410334,164639127.95558032,142211800.2604448,134132292.80504446
2018-07-31,128.55784606933594,횡보,횡보,정상,정상,28.35,2.1388,69.5112,0.3368,99.6632,0.76385236,0.15635540800000003,0.079792232,"확률 기반 동적 배분: 상승 28.4%, 하락 2.1%, 횡보 69.5%, 고변동 0.3% 반영",0.03432347394419599,0.01014032825455824,0.0015851717345589655,0.027930046127971772,0.03432347394419599,0.024650215668340893,0.02052086979537726,150990411.54547802,170290114.77415884,145717351.80744776,136884804.1210522
2018-08-31,132.97039794921875,횡보,횡보,정상,정상,28.2951,2.9062,68.7987,0.0,100.0,0.76201915,0.15771073000000002,0.08027012,"확률 기반 동적 배분: 상승 28.3%, 하락 2.9%, 횡보 68.8%, 고변동 0.0% 반영",0.001960904017145104,-0.012050282805460166,0.0013996421761413025,-0.00029386304014315,0.001960904017145104,-0.0036435707118970045,-0.002354704397837237,150946041.0441088,170624037.34429958,145186420.33218694,136562480.8707913
2018-09-28,133.23114013671875,횡보,횡보,정상,정상,23.7358,1.6865,74.5777,0.0,100.0,0.7542800000000001,0.16302214,0.08269786000000001,"확률 기반 동적 배분: 상승 23.7%, 하락 1.7%, 횡보 74.6%, 고변동 0.0% 반영",-0.0741064241895606,-0.0030306255738312693,0.0017059751478152307,-0.05624997221034897,-0.0741064241895606,-0.045676104743268865,-0.03762120473736663,142455330.4301155,157979700.0559275,138554870.1897937,131424835.81850854
2018-10-31,123.35785675048828,상승,상승,정상,정상,43.1928,23.9931,32.8141,42.2969,57.7031,0.6568279945090667,0.22150626789415334,0.12166573759678001,"확률 기반 동적 배분: 상승 43.2%, 하락 24.0%, 횡보 32.8%, 고변동 42.3% 반영",0.020136174936348006,0.0133007900093145,0.0018596320179944392,0.016398465256660173,0.020136174936348006,0.017402020965534604,0.01443025087456724,144791379.2167998,161160806.93264544,140966004.9457134,133321329.17051843
2018-11-30,125.84181213378906,횡보,불확실,정상,정상,30.2432,34.7479,35.0089,33.0172,66.9828,0.649337640116,0.24990997748080002,0.10075238240319999,"확률 기반 동적 배분: 상승 30.2%, 하락 34.7%, 횡보 35.0%, 고변동 33.0% 반영",-0.0917614880936719,0.02804229405381986,0.001827510211918737,-0.05239201304906027,-0.0917614880936719,-0.04383997523467519,-0.03710255378830625,137205467.38748178,146372451.46612895,134786058.7799622,128374767.38384078
2018-12-31,114.29438018798828,횡보,횡보,고변동,고변동,31.9582,29.2479,38.7939,93.9824,6.0176,0.5921168782824,0.2638047435441867,0.14407837817341335,"확률 기반 동적 배분: 상승 32.0%, 하락 29.2%, 횡보 38.8%, 고변동 94.0% 반영",0.08540335615077255,0.006525824726253182,0.001749306978183096,0.052542349469503036,0.08540335615077255,0.0538523435809648,0.045009286888898846,144414565.00408134,158873150.06935242,142044603.92730486,134152824.11831574
2019-01-31,124.05550384521484,횡보,불확실,정상,정상,33.2667,31.553,35.1803,13.828,86.172,0.6517372107306667,0.24588617971626667,0.10237660955306667,"확률 기반 동적 배분: 상승 33.3%, 하락 31.6%, 횡보 35.2%, 고변동 13.8% 반영",0.03558768608239382,-0.005254884087080858,0.0018483516726701676,0.022090943868183513,0.03558768608239382,0.01925065801460395,0.016587048149606688,147604819.05333465,164527077.8609416,144779056.02032927,136378023.47137195
2019-02-28,128.47035217285156,하락,불확실,정상,정상,33.2844,33.6932,33.0224,7.3564,92.6436,0.6505148121962666,0.24909414291434667,0.10039104488938666,"확률 기반 동적 배분: 상승 33.3%, 하락 33.7%, 횡보 33.0%, 고변동 7.4% 반영",0.01416698725436727,0.02655161503574588,0.001749556837504107,0.016005326682492833,0.01416698725436727,0.019120838366918712,0.01539888950540822,149967282.40219352,166857930.87599584,147547352.94940907,138478093.5857736
2019-03-29,130.29039001464844,횡보,횡보,정상,정상,28.4666,23.1482,48.3851,6.2556,93.7444,0.6904618217219016,0.20297021390317793,0.10656796437492039,"확률 기반 동적 배분: 상승 28.5%, 하락 23.1%, 횡보 48.4%, 고변동 6.3% 반영",0.03925124061465479,-0.0051854364157438715,0.0019252106576166383,0.026254159741929486,0.03925124061465479,0.021476569802495325,0.018455031514127564,153904547.39044374,173407311.669273,150716163.97420046,141033711.16691536
2019-04-30,135.40444946289062,횡보,횡보,정상,정상,38.0262,4.0688,57.905,0.2404,99.7596,0.78242638,0.14368778400000004,0.07388583600000002,"확률 기반 동적 배분: 상승 38.0%, 하락 4.1%, 횡보 57.9%, 고변동 0.2% 반영",-0.06449922728154789,0.030485881954655847,0.002121885522020195,-0.045928670807657904,-0.06449922728154789,-0.026505183587066397,-0.022679471949973155,146835916.09754646,162222674.06163433,146721404.37852585,137835141.0705047
2019-05-31,126.67096710205078,하락,불확실,정상,정상,30.1418,41.1669,28.6913,7.8148,92.1852,0.6373973110909333,0.24293132328560002,0.11967136562346668,"확률 기반 동적 배분: 상승 30.1%, 하락 41.2%, 횡보 28.7%, 고변동 7.8% 반영",0.0707808104996821,0.012171551399284164,0.001814822427411933,0.048289531655453556,0.0707808104996821,0.04733710685952293,0.03940483515510868,153926553.71609643,173704926.41314256,153666771.17617142,143266512.08296907
2019-06-28,135.6368408203125,횡보,횡보,정상,정상,30.0564,6.4204,63.5232,0.317,99.683,0.7553092,0.16200169,0.08268911,"확률 기반 동적 배분: 상승 30.1%, 하락 6.4%, 횡보 63.5%, 고변동 0.3% 반영",0.01412517088351839,0.00038202303382339764,0.0018045597068621078,0.010879977333094175,0.01412517088351839,0.008627911743640393,0.007538104293278635,155601271.13148886,176158538.18203717,154992594.5158096,144346469.99278477
2019-07-31,137.552734375,횡보,횡보,정상,정상,26.5387,8.6782,64.7831,2.4813,97.5187,0.7358458099999999,0.17425046300000002,0.08990372700000002,"확률 기반 동적 배분: 상승 26.5%, 하락 8.7%, 횡보 64.8%, 고변동 2.5% 반영",-0.020826418667556523,0.03951705569533215,0.0016950806356881287,-0.008286773595804943,-0.020826418667556523,0.0033109710775989457,0.0017809235019590089,154311838.62640274,172489786.71399334,155505770.51349345,144603540.01361975
2019-08-30,134.68800354003906,횡보,횡보,정상,정상,40.5536,14.6941,44.7523,10.541,89.459,0.6747241569153333,0.22732290247486667,0.0979529406098,"확률 기반 동적 배분: 상승 40.6%, 하락 14.7%, 횡보 44.8%, 고변동 10.5% 반영",0.017792856913849686,-0.0118611361322013,0.001618732735428896,0.00946752211958748,0.017792856913849686,0.005931259695429292,0.005661834164350232,155772789.37191242,175558872.80809587,156428115.62254682,145422261.27675483
2019-09-30,137.08448791503906,상승,불확실,정상,정상,40.5104,19.7047,39.785,8.8798,91.1202,0.6536839749306776,0.24650523847224254,0.09981078659707987,"확률 기반 동적 배분: 상승 40.5%, 하락 19.7%, 횡보 39.8%, 고변동 8.9% 반영",0.021059511670176168,0.0018788886223102264,0.0016071944256168536,0.014389836526400376,0.021059511670176168,0.01338726245102979,0.011414861306904523,158014334.34623563,179256056.93880093,158522259.8611059,147082236.2201654
2019-10-31,139.97142028808594,횡보,횡보,정상,정상,29.2868,9.8158,60.8974,0.6732,99.3268,0.74255784,0.170389332,0.087052828,"확률 기반 동적 배분: 상승 29.3%, 하락 9.8%, 횡보 60.9%, 고변동 0.7% 반영",0.03787764901696433,-0.006872184511724888,0.0010824127232984537,0.02704962539860792,0.03787764901696433,0.019977715605488642,0.017093651699624388,162288562.8979117,186045854.9476938,161689172.4857504,149596408.73731476
2019-11-29,145.27320861816406,횡보,횡보,정상,정상,41.082,6.4899,52.428,2.6176,97.3824,0.7472154263426702,0.1707750379647935,0.08200953569253626,"확률 기반 동적 배분: 상승 41.1%, 하락 6.5%, 횡보 52.4%, 고변동 2.6% 반영",0.028041646425523536,-0.009280025933433356,0.0011157480044818868,0.019459855983899068,0.028041646425523536,0.013112977481940779,0.011459965033628138,165446674.959739,191262887.03107128,163809398.9636297,151310778.35060075
2019-12-31,149.34690856933594,횡보,횡보,정상,정상,29.5091,4.8238,65.6671,0.413,99.587,0.7585579499999999,0.15981666,0.08162539000000002,"확률 기반 동적 배분: 상승 29.5%, 하락 4.8%, 횡보 65.7%, 고변동 0.4% 반영",-0.0006111815573972557,0.03465809158850797,0.0012030920512571264,0.005173526668282131,-0.0006111815573972557,0.013496527700964834,0.010332455108105187,166302617.74482182,191145990.68190333,166020257.05442074,152874190.17528078
2020-01-31,149.25563049316406,횡보,횡보,정상,정상,30.14,3.1551,66.7049,3.9399,96.0601,0.75879288,0.158263519,0.082943601,"확률 기반 동적 배분: 상승 30.1%, 하락 3.2%, 횡보 66.7%, 고변동 3.9% 반영",-0.07999045556578221,0.029616372517931255,0.0011812276442186853,-0.055911021542156984,-0.07999045556578221,-0.03614772433229682,-0.030874070498667996,157004468.50157398,175856135.80768514,160019002.56884047,148154341.6503824
2020-02-28,137.3166046142578,횡보,불확실,고변동,고변동,39.0695,19.6263,41.3043,82.5202,17.4798,0.6410993146842424,0.24846183922930148,0.11043884608645618,"확률 기반 동적 배분: 상승 39.1%, 하락 19.6%, 횡보 41.3%, 고변동 82.5% 반영",-0.138856747075095,0.037227383036937844,0.0020450784271861533,-0.07954552522842057,-0.138856747075095,-0.06842309503028185,-0.05785114294102891,144515465.59140727,151437324.83623385,149070007.14942178,139583443.65423208
2020-03-31,118.249267578125,하락,하락,고변동,고변동,7.4007,80.5164,12.083,99.8122,0.1878,0.2608777574602826,0.45114717690070516,0.2879750656390124,"확률 기반 동적 배분: 상승 7.4%, 하락 80.5%, 횡보 12.1%, 고변동 99.8% 반영",0.13133169470774164,0.0027525027580879158,-0.00019684400653263712,0.035446615681834985,0.13133169470774164,0.07990001792788014,0.06645222937999067,149638049.7603073,171325845.34898323,160980703.3931698,148859074.66959214
2020-04-30,133.77914428710938,하락,불확실,고변동,고변동,37.6305,42.867,19.5025,86.8981,13.1019,0.598600285937,0.2660326866561,0.1353670274069,"확률 기반 동적 배분: 상승 37.6%, 하락 42.9%, 횡보 19.5%, 고변동 86.9% 반영",0.05396339829024743,0.0032745551592354705,-0.00017446054910030817,0.033150028147357846,0.05396339829024743,0.03368786103784265,0.027929173583074295,154598555.32177722,180571170.17896375,166403798.95885307,153016585.60545498
2020-05-29,140.99832153320312,상승,상승,고변동,고변동,47.8494,26.7318,25.4188,54.6157,45.3843,0.64111984,0.216358337,0.14252182300000002,"확률 기반 동적 배분: 상승 47.8%, 하락 26.7%, 횡보 25.4%, 고변동 54.6% 반영",0.022981524957724098,0.00042693345592947907,0.0,0.014826282216386644,0.022981524957724098,0.013959688357006249,0.011618842515640892,156890677.13322356,184720971.03307706,168726744.1337406,154794461.21588585
2020-06-30,144.23867797851562,상승,상승,고변동,고변동,74.3571,7.4949,18.148,76.0606,23.9394,0.72649897,0.150191816,0.12330921400000003,"확률 기반 동적 배분: 상승 74.4%, 하락 7.5%, 횡보 18.1%, 고변동 76.1% 반영",0.057433512475528525,0.008541408727458677,0.00010937653995179986,0.04302172448010039,0.057433512475528525,0.03787667097630059,0.031301054163992224,163640384.6183455,195330145.22739702,175117551.50619674,159639691.03069028
2020-07-31,152.52281188964844,횡보,횡보,정상,정상,25.8566,29.3672,44.7762,1.9628,98.0372,0.67300686,0.21636804799999998,0.110625092,"확률 기반 동적 배분: 상승 25.9%, 하락 29.4%, 횡보 44.8%, 고변동 2.0% 반영",0.07104860222885057,-0.009698491638241769,0.0,0.045717752989117025,0.07104860222885057,0.03874976468201363,0.032614753622952755,171121655.30137113,209208079.01896197,181903315.41875225,164846300.22210056
2020-08-31,163.35934448242188,횡보,횡보,정상,정상,20.136,13.0733,66.7907,7.4299,92.5701,0.6977462799999999,0.197933619,0.10432010100000001,"확률 기반 동적 배분: 상승 20.1%, 하락 13.1%, 횡보 66.8%, 고변동 7.4% 반영",-0.03537585473753857,0.0032774192892375265,-0.00021863080662476442,-0.024057467171867526,-0.03537585473753857,-0.01991454512682813,-0.016748427743322983,167004901.69656277,201807164.40566766,178280793.63512588,162085383.87407658
2020-09-30,157.5803680419922,횡보,횡보,정상,정상,25.6151,28.2814,46.1035,35.927,64.073,0.61452495,0.242118,0.14335704999999999,"확률 기반 동적 배분: 상승 25.6%, 하락 28.3%, 횡보 46.1%, 고변동 35.9% 반영",-0.019493982243180108,-0.013807716754092758,0.00010929012277971495,-0.015306967718762735,-0.019493982243180108,-0.017219476047545167,-0.013867448123261936,164448563.05741835,197873139.12619704,175210891.7793885,159837673.22166383
2020-10-30,154.5084991455078,하락,하락,고변동,고변동,16.7244,64.2109,19.0647,82.9264,17.0736,0.37654206,0.381181936,0.24227600399999996,"확률 기반 동적 배분: 상승 16.7%, 하락 64.2%, 횡보 19.1%, 고변동 82.9% 반영",0.11803135118576003,0.0033836541938445652,-0.00010927817975403542,0.04570708049571851,0.11803135118576003,0.07217227238899385,0.06000891621508257,171965026.766489,221228373.10062996,187856259.98640904,169429358.7620364
2020-11-30,172.74534606933594,횡보,횡보,정상,정상,30.476,18.0873,51.4367,4.5403,95.4597,0.71375556,0.188043043,0.098201397,"확률 기반 동적 배분: 상승 30.5%, 하락 18.1%, 횡보 51.4%, 고변동 4.5% 반영",0.04676302236923657,-0.002384603167136401,3.265915460204383e-05,0.03293216635715796,0.04676302236923657,0.027103972154687385,0.022672662065397777,177628207.63557616,231573680.46064454,192947910.82616436,173270773.35720512
2020-12-31,180.8234405517578,횡보,횡보,정상,정상,24.3978,19.1132,56.489,6.6961,93.3039,0.69160192,0.20217398100000003,0.10622409900000002,"확률 기반 동적 배분: 상승 24.4%, 하락 19.1%, 횡보 56.5%, 고변동 6.7% 반영",-0.003339368268448939,-0.01092140079167836,0.0,-0.004517536582196528,-0.003339368268448939,-0.006372181277740707,-0.004946104371727977,176825765.70955244,230800370.66030633,191718411.7612187,172413758.02761036
2021-01-29,180.2196044921875,상승,상승,정상,고변동,40.2289,23.2821,36.489,47.0664,52.9336,0.6490042965038,0.24159740560497334,0.10939829789122667,"확률 기반 동적 배분: 상승 40.2%, 하락 23.3%, 횡보 36.5%, 고변동 47.1% 반영",0.03139344834149416,-0.023633285481327815,-0.00010908981810331397,0.014652808157071552,0.03139344834149416,0.009382754812365366,0.008584920562728072,179416759.7317218,238045990.17382836,193517258.6117903,173893916.4441988
2021-02-26,185.8773193359375,횡보,불확실,정상,정상,37.0547,23.358,39.5873,29.6739,70.3261,0.6532332404132,0.24286800744196,0.10389875214484001,"확률 기반 동적 배분: 상승 37.1%, 하락 23.4%, 횡보 39.6%, 고변동 29.7% 반영",0.03647919461853144,-0.023856858394008973,-0.00010959361232543152,0.018023968206785448,0.03647919461853144,0.012344773413515272,0.011060621068597943,182650561.70489082,246729716.17754048,195906185.3209575,175817291.1601225
2021-03-31,192.6579742431641,횡보,횡보,정상,정상,26.7086,18.2842,55.0072,8.7855,91.2145,0.696105,0.19828003500000002,0.10561496500000002,"확률 기반 동적 배분: 상승 26.7%, 하락 18.3%, 횡보 55.0%, 고변동 8.8% 반영",0.05036546316645918,0.010012289078776604,0.0,0.037044887766458014,0.05036546316645918,0.03422419353138615,0.02818641830686257,189416831.263729,259156372.6097513,202610916.52137753,180772950.87434116
2021-04-30,202.3612823486328,횡보,횡보,정상,정상,14.3246,15.7874,69.888,3.129,96.871,0.6828171000000001,0.20975747,0.10742543000000002,"확률 기반 동적 배분: 상승 14.3%, 하락 15.8%, 횡보 69.9%, 고변동 3.1% 반영",0.004559812437824995,0.004248873506281781,-0.00010901528890228107,0.0039930398480803875,0.004559812437824995,0.0044354368652077085,0.0035327652130165755,190173180.21886218,260338077.06091887,203509584.44980997,181411579.2666444
2021-05-28,203.2840118408203,횡보,횡보,정상,정상,40.9062,6.8478,52.246,7.1871,92.8129,0.7398001181157333,0.17438365156118663,0.08581623032308,"확률 기반 동적 배분: 상승 40.9%, 하락 6.8%, 횡보 52.2%, 고변동 7.2% 반영",0.024820113401310406,0.010225894801267232,-0.0002186447489246346,0.02012638843372822,0.024820113401310406,0.018982425961293136,0.015434096191250446,194000679.51362437,266799697.65624997,207372690.06904203,184211503.03125244
2021-06-30,208.3295440673828,횡보,횡보,정상,정상,25.3029,4.8782,69.8189,0.0,100.0,0.74862265,0.16674147,0.08463588,"확률 기반 동적 배분: 상승 25.3%, 하락 4.9%, 횡보 69.8%, 고변동 0.0% 반영",0.017368089336585735,0.01990236794812872,-0.00010914943946005451,0.016311457193883213,0.017368089336585735,0.01838180078120293,0.014632925164839472,197165113.2930951,271433498.64011776,211184573.5453533,186907056.16961133
2021-07-30,211.9478302001953,횡보,횡보,정상,정상,28.1308,2.561,69.3083,4.4958,95.5042,0.7545514973560626,0.16094128070031732,0.08450722194362006,"확률 기반 동적 배분: 상승 28.1%, 하락 2.6%, 횡보 69.3%, 고변동 4.5% 반영",0.02858516280491874,-0.003944588620072853,-0.00010965351556158076,0.02092486373829138,0.02858516280491874,0.015573262234922104,0.013087274113325198,201290766.4226979,279192469.38945425,214473406.28914526,189353160.0474177
2021-08-31,218.0063934326172,횡보,횡보,정상,정상,12.9058,3.0685,84.0257,0.0,100.0,0.723059,0.18419714,0.09274386000000001,"확률 기반 동적 배분: 상승 12.9%, 하락 3.1%, 횡보 84.0%, 고변동 0.0% 반영",-0.04464142792319903,-0.01597057766707899,0.00010966554077374013,-0.035209950157583846,-0.04464142792319903,-0.03317308782075101,-0.027089954153568463,194203328.56977284,266728918.890505,207358661.14709982,184223591.62289983
2021-09-30,208.27427673339844,횡보,횡보,정상,정상,34.25,8.9881,56.7619,8.1909,91.8091,0.74391708,0.166385829,0.08969709099999999,"확률 기반 동적 배분: 상승 34.2%, 하락 9.0%, 횡보 56.8%, 고변동 8.2% 반영",0.0668739861780645,-0.0044292024792597084,-0.00010965351556158076,0.049001908397861824,0.0668739861780645,0.03835271071513482,0.032086301642142025,203719662.28690872,284566144.92567873,215311427.89235222,190134645.35331097
2021-10-29,222.2024078369141,횡보,횡보,정상,정상,15.0914,5.0902,79.8183,0.697,99.303,0.7212033224579225,0.18508957452500455,0.09370710301707302,"확률 기반 동적 배분: 상승 15.1%, 하락 5.1%, 횡보 79.8%, 고변동 0.7% 반영",-0.014604741558949419,0.010921106954118631,-0.00021864198030374649,-0.008532093403045914,-0.014604741558949419,-0.004394402153722198,-0.004069767089299869,201981507.10023984,280410129.92261267,214365262.88990107,189360841.63111636
2021-11-30,218.9571990966797,하락,불확실,정상,정상,37.1357,41.3068,21.5575,32.663,67.337,0.6375089486474,0.2497128069736267,0.11277824437897335,"확률 기반 동적 배분: 상승 37.1%, 하락 41.3%, 횡보 21.6%, 고변동 32.7% 반영",0.03793024171649928,-0.005240492396656582,0.0,0.02287225045233415,0.03793024171649928,0.020661948071236932,0.017392973139252664,206601278.71737644,291046153.93033236,218794466.82000926,192654389.66323262
2021-12-31,227.2622985839844,횡보,횡보,정상,정상,32.565,8.1275,59.3075,7.1497,92.8503,0.74416054,0.16668575700000005,0.08915370300000003,"확률 기반 동적 배분: 상승 32.6%, 하락 8.1%, 횡보 59.3%, 고변동 7.1% 반영",-0.060594827587364675,-0.021130506445185993,0.0,-0.0486144340812294,-0.060594827587364675,-0.044809099130493205,-0.036636565727238134,196557474.47207284,273410262.41295826,208990483.86706805,185596194.45369464
2022-01-31,213.4913787841797,하락,하락,정상,고변동,18.3128,50.3012,31.386,45.2468,54.7532,0.5011932,0.313465124,0.18534167599999998,"확률 기반 동적 배분: 상승 18.3%, 하락 50.3%, 횡보 31.4%, 고변동 45.2% 반영",-0.024866612428474655,-0.0030409180162612737,-0.00021849286594699535,-0.013456694633196818,-0.024866612428474655,-0.016136334663589304,-0.013389280192305108,193912460.56022978,266611475.3835677,205618143.47788358,183111195.00352857
2022-02-28,208.1825714111328,하락,하락,정상,정상,18.1743,52.7647,29.061,43.0489,56.9511,0.49544187,0.318029755,0.18652837500000002,"확률 기반 동적 배분: 상승 18.2%, 하락 52.8%, 횡보 29.1%, 고변동 43.0% 반영",0.0325995186116006,-0.040609236489330014,0.00045943757159316867,0.0033219190742357378,0.0325995186116006,0.0033160165712283543,0.004208875873319928,194556622.0616968,275302881.1374006,206299976.64900142,183881887.2943137
2022-03-31,214.9692230224609,상승,불확실,정상,정상,37.5915,34.6414,27.7671,28.6831,71.3169,0.6477235002664666,0.24579326773374,0.10648323199979336,"확률 기반 동적 배분: 상승 37.6%, 하락 34.6%, 횡보 27.8%, 고변동 28.7% 반영",-0.0913164137166197,-0.04228269702722254,-0.00010926934835309154,-0.06955222474859757,-0.0913164137166197,-0.07170292704086083,-0.05836486983614722,181024776.1577337,250163209.34608036,191507664.4748068,173149644.877156
2022-04-29,195.3390045166016,하락,불확실,고변동,고변동,33.434,39.3838,27.1822,91.2092,8.7908,0.5896095299999999,0.26900503996698666,0.14138543003301338,"확률 기반 동적 배분: 상승 33.4%, 하락 39.4%, 횡보 27.2%, 고변동 91.2% 반영",-0.0025136432657539842,0.0061836833294939275,0.00032784386834494583,0.00022772630299446847,-0.0025136432657539842,0.0009652873723451805,0.0006638521396401752,181066000.2607585,249534388.2795682,191692524.40503162,173264590.63938564
2022-05-31,194.84799194335935,횡보,횡보,고변동,고변동,30.5526,16.1119,53.3354,85.0135,14.9865,0.575021528045828,0.2491452952843603,0.17583317666981169,"확률 기반 동적 배분: 상승 30.6%, 하락 16.1%, 횡보 53.3%, 고변동 85.0% 반영",-0.08231263760264829,-0.008634002426691989,0.0007768238974770192,-0.04934606832223494,-0.08231263760264829,-0.052841183532265766,-0.04359115474983634,172131105.0410573,228994554.60771358,181563264.541182,165711787.05615714
2022-06-30,178.80953979492188,상승,상승,고변동,고변동,46.2722,35.6706,18.0572,99.3439,0.6561,0.5647017880746668,0.26658719763008,0.16871101429525331,"확률 기반 동적 배분: 상승 46.3%, 하락 35.7%, 횡보 18.1%, 고변동 99.3% 반영",0.0934683237441909,0.029614783237332576,0.00036082028641981623,0.06073752597484938,0.0934683237441909,0.06792690754144756,0.05569076090057918,182585922.50456804,250398291.77344415,193896295.62459424,174940402.5675093
2022-07-29,195.52256774902344,상승,불확실,정상,정상,38.6713,36.9213,24.4075,30.4522,69.5478,0.6476157316402438,0.24809715342342795,0.10428711493632829,"확률 기반 동적 배분: 상승 38.7%, 하락 36.9%, 횡보 24.4%, 고변동 30.5% 반영",-0.03728466422091159,-0.03853854991724914,0.0019371488825488115,-0.03350541996175953,-0.03728466422091159,-0.037786218499446605,-0.029816467309120777,176468304.4919472,241062275.54318142,186569687.83189002,169724297.77331072
2022-08-31,188.23257446289065,하락,불확실,고변동,고변동,39.6428,39.6484,20.7088,68.1162,31.8838,0.6499640979968,0.25000720884042665,0.10002869316277334,"확률 기반 동적 배분: 상승 39.6%, 하락 39.6%, 횡보 20.7%, 고변동 68.1% 반영",-0.09230504839084941,-0.047349975051815485,0.002067628210757455,-0.0716259804714091,-0.09230504839084941,-0.07432301905523583,-0.05994399106881786,163828589.16058433,218811010.53395978,172703265.36803105,159550345.983426
2022-09-30,170.85775756835938,상승,상승,고변동,고변동,47.466,30.8512,21.6828,90.3179,9.6821,0.56353918,0.254167699,0.182293121,"확률 기반 동적 배분: 상승 47.5%, 하락 30.9%, 횡보 21.7%, 고변동 90.3% 반영",0.08112779345512067,-0.01453993402949083,0.0015856348570990608,0.04231215894988757,0.08112779345512067,0.042860702461276066,0.0365190434901329,170760530.4656828,236562665.0022651,180105448.63906106,165376972.00726047
2022-10-31,184.7190704345703,횡보,횡보,고변동,고변동,32.8514,30.4988,36.6498,63.6328,36.3672,0.6312847919402667,0.25169479239594666,0.11702041566378668,"확률 기반 동적 배분: 상승 32.9%, 하락 30.5%, 횡보 36.6%, 고변동 63.6% 반영",0.05169304270227304,0.036122183602475655,0.0031514874469382725,0.042093585580777054,0.05169304270227304,0.045464699062354084,0.037313473921266875,177948453.46865892,248791308.9459907,188293888.66092625,171547761.33943146
2022-11-30,194.26776123046875,상승,상승,정상,정상,45.9475,32.3695,21.683,42.722,57.278,0.6417270603799999,0.223960174964,0.134312764656,"확률 기반 동적 배분: 상승 45.9%, 하락 32.4%, 횡보 21.7%, 고변동 42.7% 반영",-0.058552654935792536,-0.014880666653866115,0.0036258298717277704,-0.040420504602527385,-0.058552654935792536,-0.04108385962302197,-0.03301536148971055,170755687.18621635,234223917.28225195,180558048.97130784,165884049.98605955
2022-12-30,182.8928680419922,하락,불확실,정상,고변동,31.9686,44.4985,23.5329,49.0174,50.9826,0.5669650877874667,0.27415242974964005,0.15888248246289338,"확률 기반 동적 배분: 상승 32.0%, 하락 44.5%, 횡보 23.5%, 고변동 49.0% 반영",0.06925057235204846,0.03581157416000491,0.002842818831060301,0.049532161015107365,0.06925057235204846,0.05587497307523104,0.04593732219023776,179213585.37816933,250444057.61258677,190646725.09609592,173504319.03649065
2023-01-31,195.5583038330078,상승,상승,정상,정상,58.9392,22.1585,18.9023,2.8491,97.1509,0.77574412,0.146428131,0.077827749,"확률 기반 동적 배분: 상승 58.9%, 하락 22.2%, 횡보 18.9%, 고변동 2.8% 반영",-0.024017976126763596,-0.032707882868302396,0.00345754172840107,-0.02315206522221465,-0.024017976126763596,-0.027493938823379117,-0.0211298445781923,175064420.760787,244428898.21575785,185405095.69942626,169838199.7416045
2023-02-28,190.86138916015625,하락,하락,정상,정상,32.9795,50.1638,16.8567,42.6843,57.3157,0.54299457,0.28611535700000007,0.170890073,"확률 기반 동적 배분: 상승 33.0%, 하락 50.2%, 횡보 16.9%, 고변동 42.7% 반영",0.027070922233027428,0.03721078487757046,0.003990807412158404,0.02602793014691513,0.027070922233027428,0.03112686729084464,0.02549685806221653,179620985.27555892,251045813.9108612,191176175.50830865,174168540.2139586
2023-03-31,196.02818298339844,횡보,횡보,정상,정상,29.2412,24.1836,46.5752,13.52,86.48,0.6762162,0.20960836000000002,0.11417544000000002,"확률 기반 동적 배분: 상승 29.2%, 하락 24.2%, 횡보 46.6%, 고변동 13.5% 반영",0.010779095942422767,0.008147330060773506,0.003630491941989833,0.009411260804931121,0.010779095942422767,0.009726389589763063,0.008559845377841402,181311445.21402588,253751860.82494998,193035629.47158337,175659395.98787445
2023-04-28,198.1411895751953,상승,상승,정상,정상,44.0492,30.0676,25.8833,9.7634,90.2366,0.6987920627820712,0.1970190436335552,0.1041888935843736,"확률 기반 동적 배분: 상승 44.0%, 하락 30.1%, 횡보 25.9%, 고변동 9.8% 반영",0.004265566023823331,-0.014382980873212659,0.003751902884129299,0.0005379291548139999,0.004265566023823331,-0.003193852734991065,-0.0014317306732262725,181408977.92650798,254834256.14096683,192419102.09844482,175407899.0425982
2023-05-31,198.9863739013672,상승,상승,정상,정상,61.941,22.6213,15.4377,3.3171,96.6829,0.7810178200000001,0.142629751,0.07635242900000001,"확률 기반 동적 배분: 상승 61.9%, 하락 22.6%, 횡보 15.4%, 고변동 3.3% 반영",0.06728712589155972,-0.01255277728617299,0.004606043514518099,0.051113727489619384,0.06728712589155972,0.035351164620466634,0.030798938462831583,190681466.9884139,271981320.815406,199221341.45284933,180810276.13110575
2023-06-30,212.37559509277344,횡보,횡보,정상,정상,39.9115,13.8395,46.249,0.6914,99.3086,0.6952141459250001,0.21213955698999998,0.092646297085,"확률 기반 동적 배분: 상승 39.9%, 하락 13.8%, 횡보 46.2%, 고변동 0.7% 반영",0.036635217064332926,-0.006516376257858947,0.0038600549412302065,0.024444559766484488,0.036635217064332926,0.019374579735456178,0.01713470664305482,195342591.5045731,281945415.5409224,203081171.2178321,183908407.17066196
2023-07-31,220.1560211181641,횡보,횡보,정상,정상,22.6618,12.4312,64.907,2.6627,97.3373,0.7145680400000001,0.188494127,0.09693783300000001,"확률 기반 동적 배분: 상승 22.7%, 하락 12.4%, 횡보 64.9%, 고변동 2.7% 반영",-0.01931253116738163,-0.007309150020714639,0.0049671699646800516,-0.014696342703462671,-0.01931253116738163,-0.014511178708714835,-0.010855576596969197,192471769.83523938,276500335.915788,200134224.04991502,181911975.36979422
2023-08-31,215.9042510986328,횡보,횡보,정상,정상,34.3995,7.65,57.9505,4.4283,95.5717,0.7550778100000001,0.160407773,0.084514417,"확률 기반 동적 배분: 상승 34.4%, 하락 7.6%, 횡보 58.0%, 고변동 4.4% 반영",-0.04801066836208567,-0.0313881434305342,0.00399065640056806,-0.040949424510635185,-0.04801066836208567,-0.04136165838946508,-0.032623645930089484,184590161.6259429,263225369.98612982,191856340.64272177,175977343.4948869
2023-09-29,205.53854370117188,상승,상승,정상,정상,68.7587,9.7903,21.4511,7.2793,92.7207,0.8294229674742926,0.10858714030909272,0.0619898922166148,"확률 기반 동적 배분: 상승 68.8%, 하락 9.8%, 횡보 21.5%, 고변동 7.3% 반영",-0.02645845554779025,-0.019277268348849907,0.004309605671784178,-0.023771362167117432,-0.02645845554779025,-0.023585980668214115,-0.01815048714419326,180202202.04144585,256260833.23530117,187331220.70124823,172783268.98411366
2023-10-31,200.10031127929688,상승,상승,정상,정상,65.9929,21.3323,12.6748,26.0244,73.9756,0.75414143,0.15155643400000002,0.09430213600000001,"확률 기반 동적 배분: 상승 66.0%, 하락 21.3%, 횡보 12.7%, 고변동 26.0% 반영",0.09415352132803245,0.045544400996563095,0.004682181328520718,0.07834915791798187,0.09415352132803245,0.07470987319544471,0.0616765172286893,194320892.82635915,280388693.0628605,201326712.44538635,183439939.2504416
2023-11-30,218.94046020507807,횡보,횡보,정상,정상,29.6703,26.2037,44.126,2.9213,97.0787,0.6888437283644667,0.20599120473100668,0.10516506690452668,"확률 기반 동적 배분: 상승 29.7%, 하락 26.2%, 횡보 44.1%, 고변동 2.9% 반영",0.05293877080516296,0.037722725373317,0.004275017218264399,0.0446866723736237,0.05293877080516296,0.04685235263242458,0.03864120645822946,203004446.8994407,295232125.82127446,210759342.5712043,190528279.815703
2023-12-29,230.5308990478516,횡보,횡보,정상,정상,24.366,15.3612,60.2728,12.6985,87.3015,0.6919741,0.19958598500000002,0.10843991500000003,"확률 기반 동적 배분: 상승 24.4%, 하락 15.4%, 횡보 60.3%, 고변동 12.7% 반영",0.011171179805657516,0.0007264285954593497,0.004267274620680217,0.008337894955863177,0.011171179805657516,0.00699327932157825,0.006656973405602607,204697076.65326136,298530216.9832304,212233241.52343696,191796621.50745136
2024-01-31,233.106201171875,횡보,횡보,정상,정상,20.4844,34.0797,45.436,6.2351,93.7649,0.6407247671702884,0.24120744474515327,0.11806778808455838,"확률 기반 동적 배분: 상승 20.5%, 하락 34.1%, 횡보 45.4%, 고변동 6.2% 반영",0.05298710833543674,-0.020826582692792917,0.0044435415477583895,0.029451264978953007,0.05298710833543674,0.023461631924144872,0.02113428766943217,210725664.4981936,314348469.93192226,217212579.718128,195850106.48041505
2024-02-29,245.45782470703125,횡보,횡보,정상,정상,20.8654,24.494,54.6405,1.8983,98.1017,0.6752645386814786,0.21505445651683355,0.10968100480168784,"확률 기반 동적 배분: 상승 20.9%, 하락 24.5%, 횡보 54.6%, 고변동 1.9% 반영",0.03259700600336024,0.007331888565224043,0.004101838301221239,0.024038251278304678,0.03259700600336024,0.022490959028105762,0.01931843723149158,215791140.9721889,324595288.89344025,222097898.94895756,199633624.4692379
2024-03-28,253.45901489257807,횡보,횡보,정상,정상,12.2943,13.8543,73.8515,0.3408,99.6592,0.6885594208271392,0.20708433119171682,0.10435624798114403,"확률 기반 동적 배분: 상승 12.3%, 하락 13.9%, 횡보 73.9%, 고변동 0.3% 반영",-0.043439796901874383,-0.031297632469883374,0.004321861231266766,-0.03594111746112297,-0.043439796901874383,-0.03858293112907798,-0.030244815945648852,208035366.2274377,310494935.46860397,213528711.00989702,193595742.240603
2024-04-30,242.4488067626953,횡보,횡보,정상,정상,31.7799,19.0067,49.2134,2.8164,97.1836,0.71736013,0.186268854,0.096371016,"확률 기반 동적 배분: 상승 31.8%, 하락 19.0%, 횡보 49.2%, 고변동 2.8% 반영",0.047584432748813965,0.0180016618084482,0.004572950410738796,0.037929023655021175,0.047584432748813965,0.03575132437266766,0.0301073049990892,215925944.55415916,325269660.84425706,221162645.22008947,199424388.2987659
2024-05-31,253.985595703125,횡보,횡보,정상,정상,36.1129,1.9577,61.9293,0.3892,99.6108,0.7837086744092344,0.1428386645234125,0.07345266106735307,"확률 기반 동적 배분: 상승 36.1%, 하락 2.0%, 횡보 61.9%, 고변동 0.4% 반영",0.03078929661403884,0.012169786790780401,0.003992940915068077,0.026161447063807308,0.03078929661403884,0.023341492684735465,0.019844172527267154,221574879.7223154,335284484.9115387,226324911.48563093,203381800.26631132
2024-06-28,261.8056335449219,횡보,횡보,정상,정상,31.6539,3.8965,64.4496,0.0871,99.9129,0.76728847,0.154051921,0.078659609,"확률 기반 동적 배분: 상승 31.7%, 하락 3.9%, 횡보 64.4%, 고변동 0.1% 반영",0.018915129270868247,0.02897251839741788,0.004508507888874247,0.01933127018113904,0.018915129270868247,0.0229380849214881,0.019051021732434337,225858203.58758086,341626434.28615695,231516371.52513662,207256431.36316642
2024-07-31,266.7577209472656,횡보,횡보,정상,정상,17.0563,4.1094,78.8343,3.2502,96.7498,0.7244621899999999,0.18185575200000004,0.09368205800000001,"확률 기반 동적 배분: 상승 17.1%, 하락 4.1%, 횡보 78.8%, 고변동 3.3% 반영",0.021315696838287268,0.013457631456863517,0.004616744821424268,0.018322270257700304,0.021315696838287268,0.018172470685717767,0.015618486820487543,229996438.63363123,348908439.7913457,235723595.99994093,210493463.20487332
2024-08-30,272.44384765625,횡보,횡보,정상,정상,27.3689,20.7621,51.869,9.047,90.953,0.68985135,0.20232514,0.10782351,"확률 기반 동적 배분: 상승 27.4%, 하락 20.8%, 횡보 51.9%, 고변동 9.0% 반영",0.020308733522711897,0.01382501402366687,0.004222248992136635,0.017262412841699555,0.020308733522711897,0.017715245723093888,0.015146320766883336,233966732.1094456,355994328.3188933,239899497.42581117,213681664.7179065
2024-09-30,277.9768371582031,횡보,횡보,정상,정상,29.8107,17.2861,52.9032,5.1505,94.8495,0.71339755,0.18806591500000003,0.09853653500000001,"확률 기반 동적 배분: 상승 29.8%, 하락 17.3%, 횡보 52.9%, 고변동 5.2% 반영",-0.007522111992376512,-0.033873954213382795,0.003948117222577929,-0.011347758669108312,-0.007522111992376512,-0.018062848880779026,-0.013133618815687509,231311734.0968677,353316499.11262774,235566229.0572339,210875251.18559998
2024-10-31,275.8858642578125,횡보,횡보,정상,정상,30.0775,18.0167,51.9057,7.4171,92.5829,0.7077928911436712,0.19090948590163492,0.10129762295469397,"확률 기반 동적 배분: 상승 30.1%, 하락 18.0%, 횡보 51.9%, 고변동 7.4% 반영",0.06700328797017074,0.01020936479768575,0.0037072686628987217,0.049749052996653616,0.06700328797017074,0.04428571870117675,0.03730590715697084,242819273.81520063,376989866.2472837,245998448.81275952,218742143.72803286
2024-11-29,294.3711242675781,횡보,횡보,정상,정상,23.6455,8.4954,67.8591,4.4357,95.5643,0.72564329,0.18038636700000002,0.09397034300000001,"확률 기반 동적 배분: 상승 23.6%, 하락 8.5%, 횡보 67.9%, 고변동 4.4% 반영",-0.030404668154613623,-0.022584041234254615,0.00403119368708027,-0.02575798392802308,-0.030404668154613623,-0.02727641738647002,-0.021171307710167144,236564738.86285445,365527614.46638286,239288492.4465185,214111086.49398506
2024-12-31,285.4208679199219,상승,불확실,정상,정상,41.6932,18.0702,40.2365,14.8192,85.1808,0.6571230652161121,0.24293650098499747,0.09994043379889052,"확률 기반 동적 배분: 상승 41.7%, 하락 18.1%, 횡보 40.2%, 고변동 14.8% 반영",0.030330373002535937,0.006165742684984599,0.0035000156564832796,0.021778464713450275,0.030330373002535937,0.020664520875515402,0.017714912438060004,241716755.6806257,376614203.35587543,244233274.4939502,217904045.6432439
2025-01-31,294.0777893066406,횡보,횡보,정상,정상,26.6973,15.068,58.2347,13.3758,86.6242,0.69746281,0.195584988,0.10695220199999998,"확률 기반 동적 배분: 상승 26.7%, 하락 15.1%, 횡보 58.2%, 고변동 13.4% 반영",-0.018888393426509054,0.027997134383950018,0.0032375646908147093,-0.0073518680903192,-0.018888393426509054,-0.00013418230232542516,-0.0003975434599065807,239939685.97764185,369500566.1128784,244200502.7108741,217817419.31501123
2025-02-28,288.52313232421875,횡보,횡보,정상,정상,29.1558,19.8456,50.9986,15.2982,84.7018,0.6858159399999999,0.20251788200000004,0.11166617800000002,"확률 기반 동적 배분: 상승 29.2%, 하락 19.8%, 횡보 51.0%, 고변동 15.3% 반영",-0.05855319564821437,0.0034192493380440503,0.003270189180837324,-0.0390990862523524,-0.05855319564821437,-0.033764217653711,-0.027596785186526508,230558263.5002397,347865127.17314506,235955263.78619853,211806358.7842913
2025-03-31,271.6291809082031,하락,하락,정상,고변동,18.6806,62.3469,18.9725,46.8551,53.1449,0.45344409999999996,0.344015923,0.20253997699999998,"확률 기반 동적 배분: 상승 18.7%, 하락 62.3%, 횡보 19.0%, 고변동 46.9% 반영",-0.00734949714883415,0.010561060853870208,0.0034023466002790492,0.0009896981795642077,-0.00734949714883415,-0.00018527394775240662,0.00017403900179979725,230786446.59390938,345308493.4128072,235911547.4229839,211843221.351549
2025-04-30,269.6328430175781,횡보,횡보,고변동,고변동,21.489,20.2073,58.3036,70.1598,29.8402,0.5668129531005931,0.2607127418833039,0.17247430501610303,"확률 기반 동적 배분: 상승 21.5%, 하락 20.2%, 횡보 58.3%, 고변동 70.2% 반영",0.06253191024352356,-0.012395844257579114,0.0036319071478740916,0.03283855282501356,0.06253191024352356,0.032560808443082484,0.028273583274062864,238365139.51168063,366901293.1292232,243593018.12813485,217832788.31147775
2025-05-30,286.4934997558594,하락,불확실,정상,정상,25.4029,45.4468,29.1503,19.1315,80.8685,0.58437271,0.26821964900000006,0.14740764100000003,"확률 기반 동적 배분: 상승 25.4%, 하락 45.4%, 횡보 29.2%, 고변동 19.1% 반영",0.051633931161220836,0.0160193785400371,0.0033470628109983913,0.034963555003091056,0.051633931161220836,0.03738811011274734,0.031292191704821226,246699232.17781678,385845849.2416204,252700500.712606,224649253.68291625
2025-06-30,301.2862854003906,횡보,횡보,정상,정상,27.3643,17.8809,54.7548,13.821,86.179,0.68989025,0.20043750000000002,0.10967225000000001,"확률 기반 동적 배분: 상승 27.4%, 하락 17.9%, 횡보 54.8%, 고변동 13.8% 반영",0.022900063600596043,-0.005939113323492284,0.003565926548376952,0.014999192763548856,0.022900063600596043,0.011364392830960713,0.010381483112925728,250399521.51587135,394681743.7292795,255572288.47128457,226981446.1163568
2025-07-31,308.1857604980469,횡보,횡보,정상,정상,36.4904,14.7313,48.7784,3.98,96.02,0.7236198353715068,0.18499879990740217,0.09138136472109103,"확률 기반 동적 배분: 상승 36.5%, 하락 14.7%, 횡보 48.8%, 고변동 4.0% 반영",0.02351308806114405,0.0164813840074014,0.003707580994911641,0.020402376985192112,0.02351308806114405,0.02070040643964699,0.017442475431774775,255508266.9507499,403961930.32571197,260862738.71735087,230940564.41371006
2025-08-29,315.4321594238281,횡보,횡보,정상,정상,16.3129,6.48,77.2071,0.5949,99.4051,0.7202714299999999,0.18570993900000002,0.094018631,"확률 기반 동적 배분: 상승 16.3%, 하락 6.5%, 횡보 77.2%, 고변동 0.6% 반영",0.03419942239229745,0.006511148107332554,0.0033024391521072616,0.026152542597548723,0.03419942239229745,0.023124112678311493,0.019713543458769942,262190457.7862052,417777195.0113288,266894958.0810238,235493221.26667258
2025-09-30,326.2197570800781,횡보,횡보,정상,정상,38.2172,6.1355,55.6473,0.4796,99.5204,0.77627322,0.14769023600000003,0.07603654400000001,"확률 기반 동적 배분: 상승 38.2%, 하락 6.1%, 횡보 55.6%, 고변동 0.5% 반영",0.022092190994791316,0.007112710007968204,0.0035106543832139625,0.018466992086536085,0.022092190994791316,0.01610039860006207,0.013882039376428911,267032326.89530835,427006808.5967873,271192073.29047513,238762347.43717864
2025-10-31,333.4266662597656,횡보,횡보,정상,정상,38.7352,4.4537,56.8111,3.4302,96.5698,0.77730254,0.14583602200000004,0.076861438,"확률 기반 동적 배분: 상승 38.7%, 하락 4.5%, 횡보 56.8%, 고변동 3.4% 반영",0.0026533708289380176,0.00988133045131212,0.0028756240341254458,0.0037245504083924944,0.0026533708289380176,0.005544554677887659,0.004866209356687734,268026902.25750026,428139816.0064759,272695712.5690439,239924215.00630218
2025-11-28,334.3113708496094,횡보,횡보,정상,정상,39.137,6.6233,54.2397,3.3912,96.6088,0.77186844,0.149460572,0.07867098800000001,"확률 기반 동적 배분: 상승 39.1%, 하락 6.6%, 횡보 54.2%, 고변동 3.4% 반영",-0.0002646349083477162,-0.007611741606066591,0.0033519127960346395,-0.0010782202968809187,-0.0002646349083477162,-0.0032034775874352664,-0.0017454573767869074,267737910.21137613,428026515.26550704,271822137.9656393,239505437.51534963
2025-12-31,334.222900390625,횡보,횡보,정상,정상,28.0544,15.7569,56.1887,2.5711,97.4289,0.7182373200000001,0.185903911,0.095858769,"확률 기반 동적 배분: 상승 28.1%, 하락 15.8%, 횡보 56.2%, 고변동 2.6% 반영",0.01580815455628537,-0.0022880110215399707,0.0029548386105104907,0.011211903557134015,0.01580815455628537,0.008569688325155233,0.0078086416937827915,270739761.8392547,434792824.5730124,274151568.96788216,241375649.66061968
2026-01-30,339.50634765625,횡보,횡보,정상,정상,25.9045,7.7029,66.3926,1.8747,98.1253,0.73827809,0.17288665700000003,0.088835253,"확률 기반 동적 배분: 상승 25.9%, 하락 7.7%, 횡보 66.4%, 고변동 1.9% 반영",-0.0069882598959599695,0.024699883790647803,0.0026701885198565645,-0.0006517919588401846,-0.0069882598959599695,0.005686997578683141,0.004449872893185668,270563295.83954954,431754379.3139977,275710668.2767947,242449740.62111956
