asset_class,ph_rank_bin_756,mid_trend_state,count,start_date,end_date,avg_stock_weight,avg_base_signal_stock_weight,avg_signal_stock_weight,avg_ph_raw,avg_ph_ewma,avg_ph_rank_504,avg_ph_rank_756,avg_ph_z_756,avg_up_strength_score,avg_down_strength_score,offensive_activation_rate,tier3_rate,ph_context_available_rate_756,strategy_ann_return,strategy_mdd,strategy_gross_ann_return,bh_ann_return,bh_mdd,bh_gap_ann_return
broad_index,00_30,BEAR,28,2022-07-29 00:00:00,2023-11-02 00:00:00,0.9507142857142857,0.7414285714285713,0.9642857142857143,0.35470640928085356,0.400869758353092,0.20294784580498865,0.20162509448223728,-1.0447027337475852,0.5658981077633857,0.2306541306115712,1.0,0.8571428571428571,1.0,-0.13363323634164703,-0.05150590290155177,-0.12422722427920163,-0.23074287219459544,-0.05164863455251201,0.0971096358529484
broad_index,00_30,BULL,1546,2015-02-13 00:00:00,2026-05-07 00:00:00,0.8307244501940492,0.8288745148771021,0.8422121604139715,0.2227648477483285,0.2536604291150819,0.14294056346126205,0.14170111633559715,-1.199832332700096,0.139122240006981,0.3331448181610364,0.0944372574385511,0.06274256144890039,1.0,0.11666718849670588,-0.13041101683713396,0.11965486093143851,0.13145421341557362,-0.16790302391054335,-0.014787024918867742
broad_index,00_30,NEUTRAL,13,2015-07-23 00:00:00,2024-04-24 00:00:00,0.9861538461538462,0.7646153846153846,0.9830769230769232,0.2999543422689805,0.3513127907184274,0.1949023199023199,0.1833767867982487,-1.0840281082474001,0.6250292696728249,0.19650680634857817,0.9230769230769231,0.8461538461538461,1.0,0.5942463041288673,-0.014505154820096178,0.5991266726710911,0.6547705697470978,-0.014505154820095956,-0.060524265618230544
broad_index,30_50,BEAR,44,2015-07-27 00:00:00,2026-03-17 00:00:00,0.9181818181818181,0.6990909090909091,0.920909090909091,0.4539746301079339,0.4602440387021659,0.3839736652236652,0.39232352161548595,-0.3494713668106548,0.5375034765045711,0.25125665344215414,0.9318181818181818,0.6590909090909091,1.0,0.34367208823814854,-0.03308170984430969,0.35996805775137974,0.486587400098488,-0.03374981242279451,-0.14291531186033946
broad_index,30_50,BULL,1060,2015-02-11 00:00:00,2026-04-30 00:00:00,0.7732830188679246,0.7443584905660378,0.7782830188679245,0.37760140389485186,0.3933742481995727,0.40682651991614255,0.39950956927632836,-0.4432200486819306,0.16486354631783648,0.3778895625344192,0.1311320754716981,0.10377358490566038,1.0,0.07834134346885202,-0.19494515454451122,0.08404852079532432,0.06732033161971063,-0.3129150644490799,0.011021011849141393
broad_index,30_50,NEUTRAL,24,2016-06-13 00:00:00,2024-09-13 00:00:00,0.8583333333333333,0.6625,0.8424999999999999,0.4408535029739142,0.5093440423108929,0.36764219576719576,0.39671516754850095,-0.36125912787718956,0.5078560781636065,0.2910504461273707,0.75,0.4583333333333333,1.0,0.20968405872843165,-0.046255177095448574,0.21835580296518042,0.5926037711049108,-0.04830671512678575,-0.38291971237647915
broad_index,50_70,BEAR,91,2015-07-24 00:00:00,2026-04-08 00:00:00,0.7298901098901097,0.5591208791208792,0.774065934065934,0.6307256792600339,0.6426339252828077,0.5775771847200418,0.6157804918587789,0.40770797834890166,0.549377834587412,0.24757801666581092,0.7032967032967034,0.24175824175824176,1.0,0.17848153983448145,-0.06539872601943364,0.19861077455065823,0.01922939910419852,-0.12659104268920307,0.15925214073028293
broad_index,50_70,BULL,939,2015-01-02 00:00:00,2026-04-29 00:00:00,0.7060276890308839,0.6574227902023428,0.7045580404685836,0.5231052904043653,0.5161336444156404,0.5823697956285816,0.5986867577346182,0.20421022854960877,0.20841268803743393,0.4084339814589439,0.1650692225772098,0.10862619808306709,1.0,0.0990895088537771,-0.15743141503879132,0.10791397066190234,0.18359733458865568,-0.16970101977445884,-0.08450782573487858
broad_index,50_70,NEUTRAL,64,2015-10-27 00:00:00,2026-04-13 00:00:00,0.819375,0.5584375,0.8324999999999999,0.606125166232232,0.6416814980371481,0.6092199900793651,0.6099677928683211,0.3488987168278775,0.5709820248432523,0.23945403131965987,0.796875,0.421875,1.0,0.237871309680163,-0.047230685426829844,0.25531711392718415,0.19418652773721723,-0.06418008165802869,0.04368478194294578
broad_index,70_85,BEAR,252,2015-06-30 00:00:00,2026-03-19 00:00:00,0.5869047619047618,0.436031746031746,0.5977777777777779,0.7806014043944224,0.7802759901389075,0.7963592844545226,0.7866859211578942,1.0670244035771197,0.6220467506768155,0.17761840731406422,0.4523809523809524,0.15079365079365079,1.0,0.124092989964256,-0.16998520022615804,0.14071499631416118,0.1508891395444245,-0.2656970646177177,-0.026796149580168516
broad_index,70_85,BULL,497,2015-01-02 00:00:00,2026-03-04 00:00:00,0.6091348088531188,0.5654325955734406,0.6029376257545273,0.6723131371470885,0.6313604292569938,0.7418119830091661,0.7669196267021613,0.9077662356304103,0.2133357590781713,0.4640986989505355,0.11468812877263582,0.05030181086519115,1.0,0.08106555096253065,-0.11118052154188363,0.09004564918069469,0.07206824836595849,-0.20198374644528738,0.008997302596572165
broad_index,70_85,NEUTRAL,78,2015-06-29 00:00:00,2026-04-10 00:00:00,0.6953846153846154,0.5051282051282053,0.7076923076923075,0.7283989153802395,0.7082415250554954,0.7504578754578755,0.7744635014916101,1.0043323046268164,0.521280299504497,0.26706293663798203,0.6153846153846154,0.1794871794871795,1.0,0.5012167448441993,-0.040437054408650974,0.5388837705811322,0.9509607283284813,-0.04648833267689334,-0.449743983484282
broad_index,85_95,BEAR,363,2015-07-08 00:00:00,2026-04-07 00:00:00,0.4634159779614326,0.3774104683195592,0.46688705234159783,0.8455621754252879,0.8313886119665762,0.909309545673182,0.9054033216480359,1.4881104127954985,0.6389621786380728,0.15610948547726605,0.25068870523415976,0.06336088154269973,1.0,-0.026984416161194735,-0.15267394136448642,-0.014207614926436074,-0.11499317010477328,-0.43666115770389413,0.08800875394357854
broad_index,85_95,BULL,228,2015-01-05 00:00:00,2026-02-13 00:00:00,0.6028947368421052,0.509298245614035,0.6017543859649122,0.771094029612447,0.7000837485083412,0.8837284182678918,0.8931153462474227,1.5810874231841392,0.2933155914473377,0.3855690549505003,0.2807017543859649,0.043859649122807015,1.0,0.175255063076438,-0.06303808818907275,0.19304285467342508,0.22616015263330613,-0.1950858227784832,-0.05090508955686812
broad_index,85_95,NEUTRAL,50,2015-02-02 00:00:00,2026-03-09 00:00:00,0.6200000000000001,0.49040000000000006,0.6244000000000001,0.8107584239840508,0.7247281079905017,0.878968253968254,0.8977146972943642,1.5248593682062244,0.4428861877953888,0.31574608285560446,0.44,0.04,1.0,0.4926915558458924,-0.02404704754453657,0.5180612146791457,1.3374146202412676,-0.03168836411789522,-0.8447230643953751
broad_index,95_100,BEAR,336,2015-01-30 00:00:00,2026-04-01 00:00:00,0.4040476190476191,0.3484523809523809,0.39714285714285724,0.8872090381525813,0.8613164505589256,0.973474111866969,0.9782903371804457,1.7940290901842537,0.6612460367833558,0.1379856169689156,0.13392857142857142,0.017857142857142856,1.0,0.3750612552557082,-0.04353368864690643,0.3878395680654261,0.9159153261857129,-0.12174510938736627,-0.5408540709300047
broad_index,95_100,BULL,67,2015-01-06 00:00:00,2021-03-10 00:00:00,0.5229850746268655,0.4319402985074627,0.504776119402985,0.8588226059479501,0.7786135153357673,0.9690239279791519,0.9762968842337246,1.9540935256824497,0.3231134192027301,0.39901615975658944,0.23880597014925373,0.029850746268656716,1.0,0.6231209045562907,-0.019405606113831908,0.6508933924828681,1.2828014201220106,-0.039165259503003425,-0.6596805155657199
broad_index,95_100,NEUTRAL,26,2015-01-28 00:00:00,2023-01-05 00:00:00,0.5876923076923077,0.4284615384615385,0.5800000000000001,0.882123332298719,0.7872222344181607,0.9826007326007326,0.98578242723468,1.9332283228649372,0.43298578311362956,0.3108456808859032,0.46153846153846156,0.038461538461538464,1.0,0.37306607784570933,-0.05050389766408481,0.40572654861502344,-0.37453770865628033,-0.13125317754389287,0.7476037865019897
broad_index,raw_fallback,BEAR,29,2014-04-10 00:00:00,2014-10-23 00:00:00,0.830344827586207,0.5172413793103449,0.8179310344827587,0.7079408185235385,0.6934442157931214,,,,0.5473452922699071,0.25781067966003157,0.896551724137931,0.27586206896551724,0.0,2.5432316716015686,-0.007684715470468562,2.5877021986205913,4.046494086639387,-0.007618691526794064,-1.5032624150378187
broad_index,raw_fallback,BULL,954,2013-01-02 00:00:00,2014-12-31 00:00:00,0.8080503144654089,0.8127044025157232,0.820041928721174,0.2609647688176678,0.26026845713665936,,,,0.11855742041320814,0.39521587613960246,0.033542976939203356,0.019916142557651992,0.0,0.14027574005224008,-0.061366616476585034,0.14386930972144607,0.17910981907772516,-0.08981351238399726,-0.03883407902548508
broad_index,raw_fallback,NEUTRAL,25,2013-02-25 00:00:00,2014-12-16 00:00:00,0.8495999999999999,0.5976,0.8376,0.5807652468383312,0.5842750550366043,,,,0.45339089904554747,0.3218084700298224,0.76,0.48,0.0,-0.005603623802060809,-0.039507885280680055,0.005628137214233053,-0.017775736685600063,-0.05343401846232976,0.012172112883539254
high_vol_growth,00_30,BEAR,58,2018-04-09 00:00:00,2026-04-09 00:00:00,0.9813793103448276,0.7689655172413792,0.9862068965517242,0.3219836932703339,0.36406967846497257,0.13163656267104543,0.12002827951103814,-1.2353765624779782,0.6101611780318286,0.20924796300426055,0.9827586206896551,0.9310344827586207,1.0,1.3819856139607065,-0.19721454106304737,1.392752465452177,1.5006084348903732,-0.19721454106304737,-0.1186228209296667
high_vol_growth,00_30,BULL,756,2015-01-22 00:00:00,2026-05-07 00:00:00,0.7867989417989418,0.7649206349206349,0.7933333333333333,0.3454412275407877,0.3698979878065139,0.1429227555219619,0.1340794833702635,-1.257051963491492,0.17708090488552583,0.32157673525314523,0.15343915343915343,0.09391534391534391,1.0,0.2600781623774464,-0.34622347777948215,0.26675932472287345,0.4007187297157322,-0.3590015361608926,-0.14064056733828578
high_vol_growth,00_30,NEUTRAL,52,2018-04-06 00:00:00,2026-03-13 00:00:00,0.9323076923076924,0.7580769230769231,0.9292307692307692,0.335380341198582,0.37103263788022944,0.1163003663003663,0.11449430199430198,-1.3021624877717706,0.5389418612200529,0.2673476373863477,0.8846153846153846,0.6346153846153846,1.0,1.2486479054779904,-0.12801149672583712,1.265550140945019,1.2682101523249636,-0.13124731111652954,-0.019562246846973164
high_vol_growth,30_50,BEAR,53,2017-04-28 00:00:00,2025-05-09 00:00:00,0.9728301886792452,0.6222641509433962,0.9667924528301887,0.5486475894192481,0.5519975038206464,0.4337376460017969,0.4093291404612159,-0.23067608869840098,0.7279191731266877,0.13190710535136235,1.0,0.9433962264150944,1.0,-0.16335099623569205,-0.23793703949084888,-0.1611923516375967,-0.20788631502442512,-0.24634927719678001,0.04453531878873307
high_vol_growth,30_50,BULL,382,2015-01-26 00:00:00,2026-03-10 00:00:00,0.7009947643979056,0.6774345549738219,0.7040837696335078,0.4906689605953572,0.4905371538383763,0.3620979805534779,0.39272383892273127,-0.32619276338502,0.14014339524342853,0.3288472040812729,0.08900523560209424,0.07068062827225131,1.0,0.5837085500468222,-0.22166228928660425,0.5884613427092071,0.9226441690556018,-0.2941259199237679,-0.33893561900877955
high_vol_growth,30_50,NEUTRAL,24,2017-05-01 00:00:00,2026-03-09 00:00:00,0.915,0.6641666666666666,0.9,0.5006397110099594,0.5022528341460272,0.4018683862433862,0.41347001763668434,-0.2569198986301054,0.578847009187542,0.2343262091234235,0.875,0.5833333333333334,1.0,3.419193841349262,-0.07943341938456139,3.440994056243831,3.9449737125613256,-0.08228855453210926,-0.5257798712120634
high_vol_growth,50_70,BEAR,58,2017-04-19 00:00:00,2025-05-08 00:00:00,0.8872413793103449,0.5941379310344829,0.9034482758620688,0.5969701047601371,0.6054334468406284,0.6304392446633824,0.6103128991060026,0.29650277011608017,0.5902369917288016,0.1912165252420993,0.9310344827586207,0.7241379310344828,1.0,-0.092206056158333,-0.17997492474041454,-0.08416292600626551,-0.1410560597224637,-0.1992016650977243,0.04885000356413072
high_vol_growth,50_70,BULL,360,2015-01-21 00:00:00,2026-03-11 00:00:00,0.6693333333333332,0.6496111111111111,0.6705555555555556,0.5326829111431207,0.5195721607661571,0.5713624338624339,0.5924833347344975,0.23867412215786096,0.11679828966962015,0.31276096540538484,0.07777777777777778,0.03888888888888889,1.0,0.5671977266001582,-0.1839877979071186,0.5762420051868544,0.9524797835836631,-0.22660521481389984,-0.38528205698350493
high_vol_growth,50_70,NEUTRAL,31,2015-05-29 00:00:00,2025-02-20 00:00:00,0.8825806451612904,0.5722580645161292,0.8580645161290323,0.592315003780588,0.6100191006482049,0.634920634920635,0.6068358860742938,0.30051905522679606,0.5060789201702486,0.23065329704139412,0.8064516129032258,0.6129032258064516,1.0,-0.7304643791531424,-0.17679755028112798,-0.7272622369200017,-0.7175030383889125,-0.18870244167364092,-0.012961340764229945
high_vol_growth,70_85,BEAR,128,2015-05-27 00:00:00,2025-04-28 00:00:00,0.8200000000000002,0.5240624999999999,0.8228125000000002,0.6876947110053153,0.6872169163761438,0.8018663194444444,0.7864216583212139,0.9024304573408997,0.5758961919985948,0.15530060250211422,0.8984375,0.3359375,1.0,1.0141295267174986,-0.27157310088128883,1.0373406878126308,1.4311137077422296,-0.31508052834624034,-0.416984181024731
high_vol_growth,70_85,BULL,256,2015-01-16 00:00:00,2025-12-04 00:00:00,0.6361718749999999,0.6014062499999998,0.6310937499999999,0.5980519444448873,0.5867571552891504,0.7403893849206349,0.7698501104125248,0.8332984112002201,0.12558540447950325,0.3472947081515141,0.109375,0.0390625,1.0,0.7357704229958377,-0.1492060704120638,0.7498109414205094,1.3359180575201322,-0.20984678208932261,-0.6001476345242944
high_vol_growth,70_85,NEUTRAL,32,2015-06-02 00:00:00,2024-09-30 00:00:00,0.8175,0.5587500000000001,0.82125,0.6432649939553812,0.6409105148246198,0.8203125,0.7919491802506312,0.8842763251645387,0.5549078696803148,0.22010449593057896,0.84375,0.375,1.0,-0.7251741782468802,-0.1763744674251959,-0.7221958288238057,-0.9014822039774909,-0.28186022591317095,0.17630802573061066
high_vol_growth,85_95,BEAR,139,2015-05-22 00:00:00,2025-05-07 00:00:00,0.7683453237410071,0.49712230215827335,0.773093525179856,0.7264760922024148,0.7148597438928465,0.913968824940048,0.9122271445922948,1.503720423612481,0.5877733421370948,0.1547831216288873,0.8201438848920863,0.2302158273381295,1.0,2.829924961113257,-0.1359369580306995,2.874274896853898,4.329139613922183,-0.20835272458750131,-1.4992146528089259
high_vol_growth,85_95,BULL,196,2015-01-09 00:00:00,2025-12-03 00:00:00,0.6006122448979591,0.5674489795918367,0.5999999999999999,0.6493401779394065,0.6376307252661264,0.8685414642047296,0.9049536832282343,1.4770470659336976,0.13781906218925769,0.3000106551694633,0.14285714285714285,0.05102040816326531,1.0,0.11118506699943298,-0.17633515249559806,0.11650266528856923,0.37184599467300705,-0.2084735829147517,-0.26066092767357407
high_vol_growth,85_95,NEUTRAL,33,2015-06-09 00:00:00,2024-08-29 00:00:00,0.703030303030303,0.5363636363636364,0.7266666666666667,0.7011078704035644,0.6843516523422337,0.8773448773448773,0.8947684680286283,1.3994435375104417,0.38974222871279657,0.3370962910719914,0.6363636363636364,0.18181818181818182,1.0,-0.5104555249172928,-0.13760274747933132,-0.506120526574686,-0.6487648811747497,-0.16122582035188548,0.13830935625745688
high_vol_growth,95_100,BEAR,133,2015-01-28 00:00:00,2022-06-16 00:00:00,0.615639097744361,0.4593984962406015,0.6141353383458649,0.786789013109261,0.7494137648343081,0.9708199069101325,0.9763797233341338,2.2398929233993954,0.5815342622482508,0.131121136480607,0.45864661654135336,0.2631578947368421,1.0,0.4424229264664874,-0.17845198491416547,0.4549660380245979,0.26709888728551623,-0.28937803445667554,0.17532403918097117
high_vol_growth,95_100,BULL,147,2015-01-02 00:00:00,2017-09-13 00:00:00,0.5734693877551021,0.525578231292517,0.5651700680272109,0.7291642251316789,0.6894685104765692,0.9684024403412159,0.9778438878843928,2.2459870211238133,0.1518641635022458,0.2855720483388939,0.14965986394557823,0.04081632653061224,1.0,0.8905617467467448,-0.07806006177790681,0.9051208773069057,2.0751151666202254,-0.14208804056250246,-1.1845534198734806
high_vol_growth,95_100,NEUTRAL,15,2015-01-29 00:00:00,2017-03-27 00:00:00,0.6186666666666666,0.49199999999999994,0.6226666666666667,0.7477878509958586,0.7246133667026478,0.9742063492063493,0.981159277504105,2.001608709384954,0.4036554354004889,0.19848200518199982,0.4666666666666667,0.13333333333333333,1.0,0.41531281075273263,-0.051591149444850104,0.4477257114548343,1.5047168389474583,-0.06375377838572682,-1.0894040281947257
high_vol_growth,raw_fallback,BEAR,40,2013-01-02 00:00:00,2014-10-27 00:00:00,0.8949999999999999,0.837,0.8755,0.22915648235939443,0.2283651517598086,,,,0.4003876566441413,0.37407599778949524,0.9,0.275,0.0,1.4891702610172564,-0.07589226158660733,1.4969067538673544,1.8263425737454937,-0.08163552886641501,-0.33717231272823733
high_vol_growth,raw_fallback,BULL,436,2013-01-04 00:00:00,2014-12-31 00:00:00,0.8454587155963302,0.850183486238532,0.8529816513761468,0.16548982264576564,0.16409662006118722,,,,0.1487444462192536,0.43188958343536166,0.08027522935779817,0.011467889908256881,0.0,0.15474628936382873,-0.08107413257780549,0.15560684922017431,0.1747785256430101,-0.09539198166445828,-0.02003223627918138
high_vol_growth,raw_fallback,NEUTRAL,28,2013-01-03 00:00:00,2014-10-30 00:00:00,0.8907142857142857,0.852857142857143,0.8878571428571428,0.16291665313765405,0.15633774770018,,,,0.32336845803934844,0.4549164738814112,0.75,0.21428571428571427,0.0,0.3283940042553426,-0.032440496491786264,0.33082170811638445,0.39458209922103493,-0.0385623852847371,-0.06618809496569233
mega_cap,00_30,BEAR,59,2015-07-07 00:00:00,2024-05-09 00:00:00,0.9840677966101695,0.8067796610169492,0.9840677966101695,0.2819178334484666,0.31382263534184685,0.15556900726392256,0.1565723426906913,-1.091008848173781,0.6818504319546737,0.17352370610445614,1.0,0.9322033898305084,1.0,0.4686372533888692,-0.07884186353918976,0.47088705773079975,0.46497332299616345,-0.07884186353918965,0.0036639303927057387
mega_cap,00_30,BULL,795,2015-03-02 00:00:00,2026-02-06 00:00:00,0.8269182389937108,0.8023899371069183,0.8324528301886793,0.2904528478565831,0.3104405369278983,0.14961814914645102,0.14643572034502295,-1.1455635536386353,0.20216436899979723,0.32724566952992085,0.2389937106918239,0.1421383647798742,1.0,0.24686730691788328,-0.14907566559842444,0.25071889951301096,0.3082978076726439,-0.15769131320254148,-0.06143050075476064
mega_cap,00_30,NEUTRAL,41,2015-06-29 00:00:00,2026-02-03 00:00:00,0.9512195121951221,0.7902439024390243,0.9600000000000002,0.29546750304175584,0.3329619280325521,0.158052651955091,0.1665237624134711,-1.0954185621542365,0.5923691383559232,0.21197776301608978,0.975609756097561,0.7804878048780488,1.0,1.8326276231244858,-0.02605570048007322,1.8643169041986951,2.1094189697542056,-0.02605570048007322,-0.2767913466297198
mega_cap,30_50,BEAR,102,2015-07-08 00:00:00,2026-01-30 00:00:00,0.977254901960784,0.7043137254901957,0.9811764705882349,0.4257714142621148,0.45259841661713435,0.40978057889822594,0.41276042316667116,-0.3802365528906182,0.7094479722502527,0.14011219181503795,1.0,0.9411764705882353,1.0,0.8963147920629668,-0.15466001153323594,0.9083762995917257,0.9123305686672685,-0.15466001153323616,-0.016015776604301646
mega_cap,30_50,BULL,377,2015-02-02 00:00:00,2026-05-07 00:00:00,0.7656233421750662,0.7312466843501326,0.7630238726790451,0.418579789974408,0.4224836399825702,0.3938465748810577,0.40144625405152307,-0.3842912659218353,0.1707412708501035,0.4047549769254189,0.16976127320954906,0.08488063660477453,1.0,-0.09713040729371514,-0.25260855281781225,-0.09211086126668311,-0.12113961429792708,-0.3043829432931713,0.02400920700421194
mega_cap,30_50,NEUTRAL,35,2015-07-13 00:00:00,2025-02-27 00:00:00,0.9365714285714286,0.6868571428571428,0.9422857142857144,0.4429737232412611,0.4845650148215802,0.3757369614512472,0.4046814981460651,-0.348842676428831,0.5494788110915861,0.25254585349148456,1.0,0.7142857142857143,1.0,0.9250666870743274,-0.04176726317017965,0.9422185625620645,0.9437368568900704,-0.04168916058193939,-0.018670169815742987
mega_cap,50_70,BEAR,133,2015-07-22 00:00:00,2026-01-21 00:00:00,0.884360902255639,0.6227067669172934,0.8980451127819549,0.5483573135520731,0.5650848304080225,0.617734813223535,0.6053578518141833,0.24332131515968147,0.6499909655967108,0.13197523740443978,0.8947368421052632,0.6240601503759399,1.0,0.7239833385794991,-0.11572858698599153,0.7369739253504273,0.9459737850455769,-0.13838728906948483,-0.2219904464660778
mega_cap,50_70,BULL,383,2015-01-13 00:00:00,2026-04-30 00:00:00,0.7261618798955612,0.6753002610966057,0.7230287206266317,0.5087886047347719,0.496452435055378,0.6003460566123752,0.5972585465696959,0.17103519916393495,0.1931657930155062,0.3959464589603062,0.17754569190600522,0.12010443864229765,1.0,0.09228921340341101,-0.25174973261106415,0.09952089143874732,0.09899620013582777,-0.33221694410212177,-0.006706986732416764
mega_cap,50_70,NEUTRAL,65,2015-01-21 00:00:00,2026-04-21 00:00:00,0.8852307692307693,0.6452307692307692,0.8603076923076923,0.5263762018313775,0.5076846148682657,0.6289377289377289,0.6105796456930298,0.20861159356627954,0.47515500026233276,0.2536497921950804,0.7076923076923077,0.47692307692307695,1.0,1.530594587075007,-0.10504188182378094,1.5544337518029065,1.4056957099401295,-0.12764847160182202,0.12489887713487757
mega_cap,70_85,BEAR,178,2015-07-27 00:00:00,2026-04-14 00:00:00,0.8274157303370785,0.5329213483146067,0.8337078651685392,0.6830520224454029,0.6767292280452057,0.8023787230247905,0.7858726823176145,0.9194456536698505,0.6288502537914639,0.1395516082713345,0.8876404494382022,0.3595505617977528,1.0,-0.057802669512014626,-0.21532235014389456,-0.05272823655122849,-0.034032324122162505,-0.2560644157298826,-0.02377034538985212
mega_cap,70_85,BULL,216,2015-01-02 00:00:00,2026-04-27 00:00:00,0.6325000000000001,0.5978703703703703,0.6253703703703702,0.622167242863388,0.5948443956991218,0.7850712815990593,0.7646751177297707,0.748151258610971,0.1549564640870626,0.4280557259934307,0.09722222222222222,0.05555555555555555,1.0,0.1846888750894573,-0.12361746576230159,0.19578332046543023,0.27294524271358234,-0.20505378764236282,-0.08825636762412503
mega_cap,70_85,NEUTRAL,17,2015-05-12 00:00:00,2026-04-09 00:00:00,0.7611764705882352,0.6058823529411764,0.7623529411764706,0.5963681485723047,0.5686950275142172,0.8213118580765639,0.7663575836524948,0.7081203792811656,0.36701858322749553,0.36641790739013885,0.4117647058823529,0.29411764705882354,1.0,0.8677166183760936,-0.031138524448272253,0.8755955544338003,0.536443700864363,-0.046324787166526105,0.3312729175117306
mega_cap,85_95,BEAR,197,2015-08-03 00:00:00,2026-04-08 00:00:00,0.6935025380710659,0.4811167512690355,0.6954314720812182,0.7496467933436942,0.7316684972494139,0.9229816291999033,0.8956300851577927,1.5010048001880232,0.5076946594567887,0.174599645779807,0.6091370558375635,0.1218274111675127,1.0,0.03558073980252785,-0.20610428964658867,0.04581432819255493,-0.02457892351002111,-0.2274273935473199,0.06015966331254896
mega_cap,85_95,BULL,79,2015-01-07 00:00:00,2024-08-09 00:00:00,0.5232911392405064,0.5096202531645571,0.5212658227848103,0.7532304160013984,0.7006211191486924,0.8633212778782399,0.8927171944628208,1.4261827698277556,0.161463776861051,0.44945450454994945,0.0379746835443038,0.012658227848101266,1.0,0.2766832433202109,-0.10715271633992274,0.28558083648884525,1.0606376014189038,-0.16292416346569238,-0.783954358098693
mega_cap,85_95,NEUTRAL,21,2016-04-27 00:00:00,2026-03-03 00:00:00,0.5,0.4666666666666666,0.5009523809523809,0.7844770345659482,0.738361701232372,0.9166666666666666,0.9192491811539432,1.6632110407245553,0.3879781349971886,0.3416491064609154,0.09523809523809523,0.047619047619047616,1.0,0.5933798447291587,-0.013812182401414352,0.6040706558497948,1.4286737211289222,-0.04863715026309734,-0.8352938763997635
mega_cap,95_100,BEAR,85,2015-08-21 00:00:00,2025-05-27 00:00:00,0.5665882352941176,0.4263529411764707,0.5623529411764705,0.8235794250404133,0.8006919520772975,0.9880718954248368,0.9812158780372167,1.926905698383075,0.3818300703494463,0.21151947755280975,0.3764705882352941,0.0,1.0,-0.001724655619033344,-0.12668208963663286,0.008137917874735834,0.06501039766301986,-0.2530674029678598,-0.0667350532820532
mega_cap,95_100,BULL,63,2016-11-14 00:00:00,2020-11-12 00:00:00,0.3809523809523811,0.3692063492063492,0.36920634920634937,0.8886224823811698,0.8522226150720005,0.9743953136810282,0.9828042328042327,2.182875243420797,0.12323819783526789,0.6285623347690784,0.0,0.0,1.0,-0.04556425848005541,-0.06090679330176818,-0.04127949921400198,-0.22223833714420416,-0.1505542424774794,0.17667407866414875
mega_cap,95_100,NEUTRAL,7,2016-05-03 00:00:00,2020-11-09 00:00:00,0.4142857142857143,0.3999999999999999,0.4,0.8369624738182342,0.8052829507177375,0.9736394557823129,0.9814814814814815,2.071038258894224,0.2625499051128867,0.43922842481040814,0.0,0.0,1.0,1.3939258870200706,-0.02017981943186531,1.4248030648381014,9.809945602378559,-0.03582632985713641,-8.416019715358487
mega_cap,raw_fallback,BEAR,149,2013-01-02 00:00:00,2014-04-17 00:00:00,0.8540939597315438,0.5481879194630873,0.8555704697986577,0.6461060754904812,0.65280811327612,,,,0.6526326434448394,0.11592181773707556,0.9328859060402684,0.4429530201342282,0.0,-0.005616927907552194,-0.21624059549857788,0.002385948207082489,-0.062129063501956905,-0.2546374890018709,0.05651213559440471
mega_cap,raw_fallback,BULL,324,2013-05-23 00:00:00,2014-12-31 00:00:00,0.7588271604938273,0.7270370370370371,0.7588271604938273,0.4194771842249198,0.4203943870474625,,,,0.13182426592810592,0.37570206374763715,0.10802469135802469,0.07716049382716049,0.0,0.26717788633714723,-0.15346486953070615,0.2732969356165622,0.32483176759772103,-0.1756520055496119,-0.0576538812605738
mega_cap,raw_fallback,NEUTRAL,31,2013-05-21 00:00:00,2014-04-23 00:00:00,0.9729032258064516,0.6851612903225802,0.9638709677419355,0.49744408904544773,0.4737729818712253,,,,0.6714084373433303,0.17791908692472647,0.9354838709677419,0.8387096774193549,0.0,0.3468719815773189,-0.06137102998364563,0.3468719815773189,0.363762140962846,-0.06137102998364585,-0.01689015938552707
sector_etf,00_30,BEAR,1,2025-02-25 00:00:00,2025-02-25 00:00:00,0.74,0.74,0.74,0.2487349987030029,0.3936993510823662,0.09523809523809523,0.07671957671957672,-1.3681818199647717,0.3953110068139682,0.392674450929176,0.0,0.0,1.0,-0.9999855962796905,0.0,-0.9999855962796905,-0.9999997280771793,0.0,1.4131797488770026e-05
sector_etf,00_30,BULL,627,2016-10-10 00:00:00,2026-05-07 00:00:00,0.8060287081339713,0.8062838915470495,0.8182456140350879,0.2825021950121036,0.3116650420225939,0.14316726158831422,0.16140097719045088,-1.1263860230871365,0.12419707562602096,0.35259199817574255,0.0685805422647528,0.049441786283891544,1.0,0.544806333131816,-0.12350026968471928,0.5510767333018574,0.7099788530099309,-0.1545215993988921,-0.16517251987811488
sector_etf,00_30,NEUTRAL,12,2021-10-14 00:00:00,2025-02-26 00:00:00,0.9783333333333334,0.75,0.9833333333333334,0.32745775332053506,0.40487886311192406,0.20105820105820105,0.1951058201058201,-1.050400148705853,0.5640519296763655,0.20409401378757952,1.0,0.9166666666666666,1.0,0.708646337726794,-0.0448885734655754,0.7115356169433356,0.8285942807390296,-0.044811727226430675,-0.11994794301223566
sector_etf,30_50,BEAR,45,2022-07-28 00:00:00,2025-05-22 00:00:00,0.9640000000000001,0.6213333333333333,0.9653333333333333,0.5065884280204774,0.5481645590756214,0.49307760141093476,0.43500881834215177,-0.23555117152448354,0.5799763962269284,0.21922731365170026,0.9777777777777777,0.9111111111111111,1.0,-0.0035205846423120857,-0.13528021741201268,0.0031824910105242576,0.12566482226004294,-0.13261056582593744,-0.12918540690235503
sector_etf,30_50,BULL,561,2015-02-25 00:00:00,2026-05-04 00:00:00,0.7763992869875224,0.7466310160427808,0.7776470588235295,0.38764679454625606,0.3981548379081204,0.3528386101915513,0.39731845162648877,-0.4696235648713558,0.16255468900045666,0.36308852966056326,0.1319073083778966,0.09982174688057041,1.0,0.0015933609182230413,-0.31721365465580376,0.005873978035244809,0.012477245362038536,-0.37640203118257276,-0.010883884443815495
sector_etf,30_50,NEUTRAL,22,2018-08-24 00:00:00,2025-05-23 00:00:00,0.9490909090909092,0.6763636363636363,0.9254545454545456,0.44003396823324936,0.49442403222987025,0.4333513708513708,0.3947811447811448,-0.44357790127624813,0.5322888158135327,0.20985543829171685,0.9545454545454546,0.7272727272727273,1.0,1.02169632764596,-0.08251040723024217,1.0404586658280102,1.0015018650021985,-0.08479582824639864,0.020194462643761568
sector_etf,50_70,BEAR,108,2018-06-28 00:00:00,2025-05-09 00:00:00,0.8762962962962964,0.5553703703703704,0.8814814814814814,0.6383138860265413,0.6428437148174057,0.654670047031158,0.6196600039192632,0.4072137679528536,0.5642682767703818,0.2037524590922523,0.9444444444444444,0.5462962962962963,1.0,1.028801551372712,-0.1431218866321392,1.0547944418809085,1.3079643337603826,-0.15758228098686788,-0.27916278238767056
sector_etf,50_70,BULL,441,2015-02-20 00:00:00,2026-04-06 00:00:00,0.7170521541950112,0.6692063492063492,0.7135147392290249,0.5125649680736181,0.5057529020039193,0.574555483569089,0.5993742126391518,0.17171009380930344,0.18281369626747762,0.3656532467147349,0.16099773242630386,0.10204081632653061,1.0,0.05624875169935639,-0.24565140055465873,0.06188346870403483,0.09204517023198844,-0.34881392271610245,-0.035796418532632046
sector_etf,50_70,NEUTRAL,43,2016-05-18 00:00:00,2025-05-30 00:00:00,0.8879069767441861,0.5990697674418605,0.906046511627907,0.5930966540477997,0.5894529077946592,0.6668050941306756,0.6157868832287436,0.30576392924483115,0.5677148219486274,0.20965493114450948,0.8837209302325582,0.7209302325581395,1.0,1.0271363449923117,-0.06329548158048792,1.0605627636172827,1.04474384168897,-0.07935055101946242,-0.017607496696658398
sector_etf,70_85,BEAR,131,2016-01-06 00:00:00,2025-05-06 00:00:00,0.6932824427480915,0.4548091603053435,0.708854961832061,0.7678768285358226,0.7639326041187919,0.7927268871925361,0.7807060058968455,1.0609421619744952,0.5955589168138298,0.17618747435432278,0.7251908396946565,0.03816793893129771,1.0,0.15105159021426728,-0.17162278876444426,0.1569662182651188,0.1296376750586301,-0.21494941722765404,0.021413915155637175
sector_etf,70_85,BULL,285,2015-02-12 00:00:00,2026-03-25 00:00:00,0.620561403508772,0.5903859649122807,0.6327017543859649,0.6328963731333875,0.6040386727221924,0.7357073238652185,0.7653457829447593,0.8368913434503,0.21910743991271747,0.3680155839909052,0.13333333333333333,0.03508771929824561,1.0,0.0782122298042014,-0.1251991600531348,0.08900633545284742,0.15575681914026296,-0.17635128862715543,-0.07754458933606156
sector_etf,70_85,NEUTRAL,44,2016-03-03 00:00:00,2026-04-02 00:00:00,0.6836363636363636,0.5168181818181817,0.7104545454545454,0.6941513803872196,0.6920883433815651,0.707927489177489,0.7637385762385764,0.9143458065179355,0.4660689517494227,0.29551642339861933,0.5681818181818182,0.13636363636363635,1.0,0.8428804655093545,-0.08287570912517594,0.8906005819400666,1.1692692623119911,-0.10547880331243886,-0.32638879680263666
sector_etf,85_95,BEAR,207,2015-07-06 00:00:00,2025-04-03 00:00:00,0.5009661835748793,0.40772946859903386,0.5172946859903382,0.8349680729966232,0.8208599307635916,0.9229545280269917,0.9114193135716835,1.6163336710311775,0.677957948771175,0.12458239154860212,0.30434782608695654,0.033816425120772944,1.0,-0.005560507816385729,-0.15839001723013202,0.005576962477851666,0.018023025069536347,-0.2379447774453538,-0.023583532885922076
sector_etf,85_95,BULL,104,2015-01-02 00:00:00,2026-03-27 00:00:00,0.6151923076923076,0.518076923076923,0.6067307692307691,0.7538830276292104,0.6981533474326471,0.9040560134310135,0.89588663130965,1.6016351342860828,0.30984379147984564,0.30756965403064823,0.2692307692307692,0.0673076923076923,1.0,0.003047526926946542,-0.09277586671260862,0.014609099248769297,0.3281525048468996,-0.14299881859331554,-0.3251049779199531
sector_etf,85_95,NEUTRAL,27,2015-06-29 00:00:00,2026-03-30 00:00:00,0.5407407407407407,0.44444444444444436,0.5251851851851852,0.8060383856848434,0.7673414780419218,0.9068195179306291,0.9046555707693086,1.6946458375760807,0.5796339305868763,0.16938629371557468,0.2222222222222222,0.0,1.0,1.6367189683385202,-0.016639509328453705,1.6798305151751585,6.953071365358919,-0.02067372300436976,-5.316352397020399
sector_etf,95_100,BEAR,151,2015-05-06 00:00:00,2024-09-10 00:00:00,0.4206622516556293,0.35046357615894036,0.410066225165563,0.8736603219974911,0.8501799705763121,0.9788447387785135,0.9797297713833749,2.0551888824378532,0.6639956802305457,0.10551692959655523,0.16556291390728478,0.046357615894039736,1.0,0.0952191594253271,-0.08824027804897605,0.10772915230003655,0.3546483005935741,-0.15404130514301573,-0.259429141168247
sector_etf,95_100,BULL,36,2015-01-05 00:00:00,2021-03-12 00:00:00,0.6577777777777779,0.5550000000000002,0.6622222222222223,0.7215266992234521,0.6488705988926119,0.9679783950617282,0.9709640743850052,2.52830129458447,0.29465247340627,0.2992463123570395,0.3333333333333333,0.05555555555555555,1.0,0.3265083182135884,-0.05942440303856589,0.3470822429282927,0.4121594225042733,-0.09991527258719668,-0.0856511042906849
sector_etf,95_100,NEUTRAL,8,2015-05-05 00:00:00,2019-06-12 00:00:00,0.675,0.465,0.635,0.8144629213958979,0.760142786711595,0.9702380952380953,0.9769108178500232,2.239961669997605,0.6412711021700485,0.15569866785799377,0.5,0.25,1.0,0.03885483546681012,-0.010281411240937621,0.046705723644189234,-0.34671041452093987,-0.025189631335841622,0.38556524998775
sector_etf,raw_fallback,BEAR,16,2013-08-27 00:00:00,2014-10-30 00:00:00,0.7675000000000001,0.60375,0.7662500000000001,0.6207744315033779,0.583656530729893,,,,0.38603848305493826,0.1875999579437434,0.5625,0.0625,0.0,7.05189348871877,-0.011486347181700052,7.17753873086591,15.403341066079669,-0.01433095093998804,-8.351447577360899
sector_etf,raw_fallback,BULL,482,2013-01-02 00:00:00,2014-12-31 00:00:00,0.8260165975103735,0.8346058091286307,0.8446473029045644,0.2096283591881827,0.20929079379009763,,,,0.11120218851317104,0.35038930835064425,0.029045643153526972,0.029045643153526972,0.0,0.21591736455487287,-0.10600680190454881,0.21756892146508355,0.2564806192042941,-0.13332256842539125,-0.04056325464942123
sector_etf,raw_fallback,NEUTRAL,6,2013-08-23 00:00:00,2014-10-09 00:00:00,0.7933333333333333,0.82,0.82,0.27384214363992215,0.25906130665028915,,,,0.2611163431275841,0.2077496733979272,0.0,0.0,0.0,-0.8559608288381121,-0.03592755327978958,-0.8559608288381121,-0.9233910891023761,-0.048010936267299686,0.06743026026426402
